gemeente,jaar_vkl,Bevolking/Bevolkingssamenstelling op 1 januari/Totale bevolking (aantal),incident_count
Aa en Hunze,2008,25598,224
Aa en Hunze,2009,25675,159
Aa en Hunze,2010,25563,144
Aa en Hunze,2011,25785,119
Aa en Hunze,2012,25738,147
Aa en Hunze,2013,25541,154
Aa en Hunze,2014,25357,173
Aa en Hunze,2015,25203,155
Aa en Hunze,2016,25243,183
Aa en Hunze,2017,25286,144
Aalburg,2008,12386,56
Aalburg,2009,12556,22
Aalburg,2010,12614,41
Aalburg,2011,12685,34
Aalburg,2012,12749,31
Aalburg,2013,12774,30
Aalburg,2014,12846,40
Aalburg,2015,12922,55
Aalburg,2016,13038,36
Aalburg,2017,13067,35
Aalsmeer,2008,26386,136
Aalsmeer,2009,28006,81
Aalsmeer,2010,29187,146
Aalsmeer,2011,30189,119
Aalsmeer,2012,30364,106
Aalsmeer,2013,30618,113
Aalsmeer,2014,30759,88
Aalsmeer,2015,31077,160
Aalsmeer,2016,31299,162
Aalsmeer,2017,31373,147
Aalten,2008,27568,151
Aalten,2009,27447,110
Aalten,2010,27500,214
Aalten,2011,27439,172
Aalten,2012,27305,152
Aalten,2013,27082,158
Aalten,2014,27013,119
Aalten,2015,26904,149
Aalten,2016,26912,180
Aalten,2017,27047,132
Achtkarspelen,2008,28088,156
Achtkarspelen,2009,28139,126
Achtkarspelen,2010,28088,119
Achtkarspelen,2011,28123,110
Achtkarspelen,2012,28091,115
Achtkarspelen,2013,28110,106
Achtkarspelen,2014,28016,125
Achtkarspelen,2015,27983,112
Achtkarspelen,2016,28007,123
Achtkarspelen,2017,27893,106
Alblasserdam,2008,18718,148
Alblasserdam,2009,18839,138
Alblasserdam,2010,19014,172
Alblasserdam,2011,19208,153
Alblasserdam,2012,19467,137
Alblasserdam,2013,19643,108
Alblasserdam,2014,19801,141
Alblasserdam,2015,19845,151
Alblasserdam,2016,19955,148
Alblasserdam,2017,20008,134
Albrandswaard,2008,22453,29
Albrandswaard,2009,22974,17
Albrandswaard,2010,24191,49
Albrandswaard,2011,24674,60
Albrandswaard,2012,25003,45
Albrandswaard,2013,25101,48
Albrandswaard,2014,25069,61
Albrandswaard,2015,25148,68
Albrandswaard,2016,24985,94
Albrandswaard,2017,25105,73
Alkmaar,2008,93876,616
Alkmaar,2009,93416,255
Alkmaar,2010,93861,827
Alkmaar,2011,93936,704
Alkmaar,2012,94269,740
Alkmaar,2013,94505,704
Alkmaar,2014,94866,593
Alkmaar,2015,107106,829
Alkmaar,2016,107615,903
Alkmaar,2017,108373,921
Almelo,2008,72287,767
Almelo,2009,72428,578
Almelo,2010,72602,543
Almelo,2011,72599,478
Almelo,2012,72757,500
Almelo,2013,72729,609
Almelo,2014,72459,608
Almelo,2015,72291,669
Almelo,2016,72425,647
Almelo,2017,72479,642
Almere,2008,183270,473
Almere,2009,185746,386
Almere,2010,188160,739
Almere,2011,190655,732
Almere,2012,193163,834
Almere,2013,195213,783
Almere,2014,196013,731
Almere,2015,196932,931
Almere,2016,198145,1223
Almere,2017,200914,1250
Alphen aan den Rijn,2008,71658,659
Alphen aan den Rijn,2009,72178,433
Alphen aan den Rijn,2010,72534,616
Alphen aan den Rijn,2011,72680,556
Alphen aan den Rijn,2012,72853,585
Alphen aan den Rijn,2013,72913,559
Alphen aan den Rijn,2014,106785,375
Alphen aan den Rijn,2015,107396,452
Alphen aan den Rijn,2016,107960,498
Alphen aan den Rijn,2017,108915,541
Alphen-Chaam,2008,9455,55
Alphen-Chaam,2009,9421,42
Alphen-Chaam,2010,9436,62
Alphen-Chaam,2011,9466,42
Alphen-Chaam,2012,9525,51
Alphen-Chaam,2013,9640,55
Alphen-Chaam,2014,9717,71
Alphen-Chaam,2015,9753,62
Alphen-Chaam,2016,9924,78
Alphen-Chaam,2017,10058,59
Ameland,2008,3456,22
Ameland,2009,3466,19
Ameland,2010,3501,28
Ameland,2011,3503,18
Ameland,2012,3526,15
Ameland,2013,3525,19
Ameland,2014,3578,11
Ameland,2015,3590,19
Ameland,2016,3611,19
Ameland,2017,3633,13
Amersfoort,2008,141211,639
Amersfoort,2009,143212,543
Amersfoort,2010,144862,1198
Amersfoort,2011,146592,1014
Amersfoort,2012,148250,1212
Amersfoort,2013,149662,1067
Amersfoort,2014,150897,806
Amersfoort,2015,152481,1013
Amersfoort,2016,153602,1151
Amersfoort,2017,154337,1283
Amstelveen,2008,78980,381
Amstelveen,2009,79768,262
Amstelveen,2010,80695,315
Amstelveen,2011,81796,254
Amstelveen,2012,83363,262
Amstelveen,2013,84379,297
Amstelveen,2014,85015,284
Amstelveen,2015,87162,410
Amstelveen,2016,88602,381
Amstelveen,2017,89294,388
Amsterdam,2008,747093,4901
Amsterdam,2009,755605,4116
Amsterdam,2010,767457,3537
Amsterdam,2011,779808,3503
Amsterdam,2012,790110,3624
Amsterdam,2013,799278,4255
Amsterdam,2014,810937,4126
Amsterdam,2015,821752,6309
Amsterdam,2016,833624,6738
Amsterdam,2017,844947,6817
Apeldoorn,2008,155108,1543
Apeldoorn,2009,155332,1069
Apeldoorn,2010,155726,1537
Apeldoorn,2011,156199,1267
Apeldoorn,2012,156961,1372
Apeldoorn,2013,157315,1434
Apeldoorn,2014,157545,1288
Apeldoorn,2015,158099,1694
Apeldoorn,2016,159025,1752
Apeldoorn,2017,160047,1731
Appingedam,2008,12131,116
Appingedam,2009,12114,73
Appingedam,2010,12032,70
Appingedam,2011,12090,82
Appingedam,2012,12053,55
Appingedam,2013,12053,66
Appingedam,2014,12064,54
Appingedam,2015,12011,57
Appingedam,2016,12001,62
Appingedam,2017,11971,68
Arnhem,2008,143582,665
Arnhem,2009,145574,501
Arnhem,2010,147018,1193
Arnhem,2011,148070,1267
Arnhem,2012,149271,1363
Arnhem,2013,149827,1219
Arnhem,2014,150823,1097
Arnhem,2015,152293,1429
Arnhem,2016,153818,1648
Arnhem,2017,155699,1620
Assen,2008,65487,473
Assen,2009,66369,292
Assen,2010,66857,362
Assen,2011,67177,281
Assen,2012,67208,305
Assen,2013,67204,399
Assen,2014,67190,336
Assen,2015,67165,403
Assen,2016,67061,377
Assen,2017,67551,423
Asten,2008,16392,182
Asten,2009,16363,106
Asten,2010,16335,182
Asten,2011,16296,138
Asten,2012,16404,119
Asten,2013,16392,134
Asten,2014,16440,119
Asten,2015,16559,129
Asten,2016,16580,133
Asten,2017,16714,152
Baarle-Nassau,2008,6664,35
Baarle-Nassau,2009,6682,16
Baarle-Nassau,2010,6703,34
Baarle-Nassau,2011,6704,39
Baarle-Nassau,2012,6722,36
Baarle-Nassau,2013,6699,36
Baarle-Nassau,2014,6612,48
Baarle-Nassau,2015,6599,40
Baarle-Nassau,2016,6611,46
Baarle-Nassau,2017,6657,55
Baarn,2008,24406,125
Baarn,2009,24335,129
Baarn,2010,24317,229
Baarn,2011,24379,198
Baarn,2012,24352,205
Baarn,2013,24277,220
Baarn,2014,24314,205
Baarn,2015,24406,209
Baarn,2016,24521,254
Baarn,2017,24529,225
Barendrecht,2008,44962,203
Barendrecht,2009,45861,170
Barendrecht,2010,46449,186
Barendrecht,2011,46831,161
Barendrecht,2012,47053,349
Barendrecht,2013,47371,316
Barendrecht,2014,47377,309
Barendrecht,2015,47521,397
Barendrecht,2016,47861,531
Barendrecht,2017,48344,501
Barneveld,2008,51486,274
Barneveld,2009,52066,217
Barneveld,2010,52490,479
Barneveld,2011,53026,446
Barneveld,2012,53521,573
Barneveld,2013,53751,504
Barneveld,2014,54152,553
Barneveld,2015,54703,692
Barneveld,2016,55441,867
Barneveld,2017,56376,894
Bedum,2008,10550,77
Bedum,2009,10462,55
Bedum,2010,10447,46
Bedum,2011,10495,44
Bedum,2012,10508,37
Bedum,2013,10553,38
Bedum,2014,10494,34
Bedum,2015,10441,32
Bedum,2016,10433,41
Bedum,2017,10479,36
Beemster,2008,8474,117
Beemster,2009,8564,60
Beemster,2010,8584,146
Beemster,2011,8573,118
Beemster,2012,8719,124
Beemster,2013,8785,145
Beemster,2014,8910,120
Beemster,2015,8903,131
Beemster,2016,8958,191
Beemster,2017,9205,179
Beesel,2008,13643,51
Beesel,2009,13795,29
Beesel,2010,13902,72
Beesel,2011,13844,49
Beesel,2012,13742,40
Beesel,2013,13688,48
Beesel,2014,13617,38
Beesel,2015,13511,74
Beesel,2016,13388,55
Beesel,2017,13405,69
Berg en Dal,2008,,189
Berg en Dal,2009,,122
Berg en Dal,2010,,139
Berg en Dal,2011,,111
Berg en Dal,2012,,102
Berg en Dal,2013,,118
Berg en Dal,2014,,118
Berg en Dal,2015,,169
Berg en Dal,2016,34574,167
Berg en Dal,2017,34764,130
Bergeijk,2008,18099,143
Bergeijk,2009,18087,115
Bergeijk,2010,18061,132
Bergeijk,2011,18073,99
Bergeijk,2012,18123,89
Bergeijk,2013,18191,76
Bergeijk,2014,18256,63
Bergeijk,2015,18209,70
Bergeijk,2016,18253,69
Bergeijk,2017,18342,81
Bergen op Zoom,2008,65242,491
Bergen op Zoom,2009,65582,280
Bergen op Zoom,2010,65845,423
Bergen op Zoom,2011,66074,346
Bergen op Zoom,2012,66130,458
Bergen op Zoom,2013,66287,505
Bergen op Zoom,2014,66419,509
Bergen op Zoom,2015,66320,547
Bergen op Zoom,2016,66237,644
Bergen op Zoom,2017,66164,512
Berkelland,2008,45150,361
Berkelland,2009,45142,240
Berkelland,2010,44978,333
Berkelland,2011,44863,264
Berkelland,2012,44911,231
Berkelland,2013,44769,267
Berkelland,2014,44666,244
Berkelland,2015,44364,295
Berkelland,2016,44437,272
Berkelland,2017,44238,247
Bernheze,2008,29663,70
Bernheze,2009,29615,55
Bernheze,2010,29655,186
Bernheze,2011,29728,120
Bernheze,2012,29802,150
Bernheze,2013,29775,202
Bernheze,2014,29690,190
Bernheze,2015,29729,180
Bernheze,2016,29880,222
Bernheze,2017,30252,157
Best,2008,29089,207
Best,2009,29017,145
Best,2010,28953,216
Best,2011,28810,197
Best,2012,28696,170
Best,2013,28637,198
Best,2014,28617,152
Best,2015,28737,178
Best,2016,28976,220
Best,2017,29180,230
Beuningen,2008,25321,201
Beuningen,2009,25304,119
Beuningen,2010,25481,173
Beuningen,2011,25507,163
Beuningen,2012,25433,201
Beuningen,2013,25324,203
Beuningen,2014,25288,175
Beuningen,2015,25282,227
Beuningen,2016,25289,232
Beuningen,2017,25424,311
Beverwijk,2008,37347,380
Beverwijk,2009,38284,325
Beverwijk,2010,38883,355
Beverwijk,2011,39329,363
Beverwijk,2012,39844,339
Beverwijk,2013,40070,326
Beverwijk,2014,40093,307
Beverwijk,2015,40182,285
Beverwijk,2016,40318,402
Beverwijk,2017,40709,263
De Bilt,2008,41998,182
De Bilt,2009,41984,192
De Bilt,2010,42017,385
De Bilt,2011,42049,270
De Bilt,2012,42079,392
De Bilt,2013,42032,332
De Bilt,2014,42036,262
De Bilt,2015,42169,293
De Bilt,2016,42375,317
De Bilt,2017,42754,342
Binnenmaas,2008,28797,205
Binnenmaas,2009,28862,160
Binnenmaas,2010,28926,199
Binnenmaas,2011,28967,183
Binnenmaas,2012,28962,179
Binnenmaas,2013,28964,146
Binnenmaas,2014,28710,170
Binnenmaas,2015,28656,182
Binnenmaas,2016,28771,187
Binnenmaas,2017,29122,247
Bladel,2008,19114,177
Bladel,2009,19129,102
Bladel,2010,19177,171
Bladel,2011,19386,105
Bladel,2012,19582,120
Bladel,2013,19635,104
Bladel,2014,19834,99
Bladel,2015,19869,123
Bladel,2016,19966,132
Bladel,2017,20063,111
Blaricum,2008,9036,34
Blaricum,2009,8987,12
Blaricum,2010,8955,86
Blaricum,2011,8959,50
Blaricum,2012,9038,48
Blaricum,2013,9107,51
Blaricum,2014,9094,59
Blaricum,2015,9312,48
Blaricum,2016,9622,52
Blaricum,2017,10201,58
Bloemendaal,2008,16873,129
Bloemendaal,2009,22069,95
Bloemendaal,2010,22023,163
Bloemendaal,2011,22039,146
Bloemendaal,2012,22056,139
Bloemendaal,2013,22195,122
Bloemendaal,2014,22059,110
Bloemendaal,2015,22256,151
Bloemendaal,2016,22296,156
Bloemendaal,2017,22826,148
Bodegraven-Reeuwijk,2008,,271
Bodegraven-Reeuwijk,2009,,172
Bodegraven-Reeuwijk,2010,,279
Bodegraven-Reeuwijk,2011,32728,214
Bodegraven-Reeuwijk,2012,32834,235
Bodegraven-Reeuwijk,2013,32817,244
Bodegraven-Reeuwijk,2014,32910,240
Bodegraven-Reeuwijk,2015,33208,243
Bodegraven-Reeuwijk,2016,33451,343
Bodegraven-Reeuwijk,2017,33733,380
Boekel,2008,9646,20
Boekel,2009,9692,15
Boekel,2010,9772,38
Boekel,2011,9865,32
Boekel,2012,9967,33
Boekel,2013,10062,37
Boekel,2014,10089,17
Boekel,2015,10119,23
Boekel,2016,10254,44
Boekel,2017,10414,37
Ten Boer,2008,7276,51
Ten Boer,2009,7447,52
Ten Boer,2010,7427,31
Ten Boer,2011,7454,46
Ten Boer,2012,7477,39
Ten Boer,2013,7500,38
Ten Boer,2014,7479,35
Ten Boer,2015,7452,39
Ten Boer,2016,7352,40
Ten Boer,2017,7288,31
Borger-Odoorn,2008,26201,184
Borger-Odoorn,2009,26151,132
Borger-Odoorn,2010,26072,142
Borger-Odoorn,2011,25941,87
Borger-Odoorn,2012,25859,116
Borger-Odoorn,2013,25662,108
Borger-Odoorn,2014,25627,113
Borger-Odoorn,2015,25502,136
Borger-Odoorn,2016,25371,136
Borger-Odoorn,2017,25355,145
Borne,2008,20764,233
Borne,2009,21106,161
Borne,2010,21330,180
Borne,2011,21557,169
Borne,2012,21586,220
Borne,2013,21770,199
Borne,2014,21884,173
Borne,2015,21992,223
Borne,2016,22343,187
Borne,2017,22795,203
Borsele,2008,22531,89
Borsele,2009,22551,71
Borsele,2010,22618,142
Borsele,2011,22707,138
Borsele,2012,22676,121
Borsele,2013,22683,107
Borsele,2014,22579,110
Borsele,2015,22568,110
Borsele,2016,22612,118
Borsele,2017,22688,114
Boxmeer,2008,28635,106
Boxmeer,2009,28609,88
Boxmeer,2010,28575,151
Boxmeer,2011,28582,174
Boxmeer,2012,28397,151
Boxmeer,2013,28227,171
Boxmeer,2014,28147,125
Boxmeer,2015,28342,145
Boxmeer,2016,28465,196
Boxmeer,2017,28709,199
Boxtel,2008,30241,73
Boxtel,2009,30281,47
Boxtel,2010,30276,168
Boxtel,2011,30280,164
Boxtel,2012,30284,161
Boxtel,2013,30436,172
Boxtel,2014,30320,149
Boxtel,2015,30337,152
Boxtel,2016,30406,193
Boxtel,2017,30655,171
Breda,2008,170960,1288
Breda,2009,171916,764
Breda,2010,173299,1212
Breda,2011,174599,970
Breda,2012,176401,1275
Breda,2013,178140,1473
Breda,2014,179623,1579
Breda,2015,180937,1818
Breda,2016,181611,2017
Breda,2017,182304,1749
Brielle,2008,15762,60
Brielle,2009,15597,47
Brielle,2010,15759,79
Brielle,2011,15978,68
Brielle,2012,16072,79
Brielle,2013,16320,77
Brielle,2014,16312,84
Brielle,2015,16467,99
Brielle,2016,16640,105
Brielle,2017,16833,98
Bronckhorst,2008,37833,272
Bronckhorst,2009,37897,240
Bronckhorst,2010,37751,294
Bronckhorst,2011,37677,274
Bronckhorst,2012,37441,208
Bronckhorst,2013,37216,236
Bronckhorst,2014,36932,231
Bronckhorst,2015,36726,286
Bronckhorst,2016,36510,280
Bronckhorst,2017,36410,241
Brummen,2008,21200,154
Brummen,2009,21159,129
Brummen,2010,21139,192
Brummen,2011,21219,138
Brummen,2012,21327,123
Brummen,2013,21245,146
Brummen,2014,21177,98
Brummen,2015,20983,112
Brummen,2016,20938,94
Brummen,2017,20843,92
Brunssum,2008,29742,167
Brunssum,2009,29532,117
Brunssum,2010,29448,91
Brunssum,2011,29375,94
Brunssum,2012,29199,75
Brunssum,2013,29081,79
Brunssum,2014,28958,123
Brunssum,2015,28656,129
Brunssum,2016,28448,141
Brunssum,2017,28358,165
Bunnik,2008,14258,98
Bunnik,2009,14407,62
Bunnik,2010,14459,135
Bunnik,2011,14437,113
Bunnik,2012,14451,137
Bunnik,2013,14563,109
Bunnik,2014,14626,115
Bunnik,2015,14662,139
Bunnik,2016,14773,149
Bunnik,2017,15156,156
Bunschoten,2008,19611,53
Bunschoten,2009,19753,55
Bunschoten,2010,20000,77
Bunschoten,2011,20111,75
Bunschoten,2012,20200,70
Bunschoten,2013,20316,71
Bunschoten,2014,20492,66
Bunschoten,2015,20647,82
Bunschoten,2016,20823,76
Bunschoten,2017,21020,68
Buren,2008,25727,178
Buren,2009,25667,97
Buren,2010,25887,177
Buren,2011,26013,127
Buren,2012,25949,92
Buren,2013,25939,102
Buren,2014,26019,109
Buren,2015,26117,128
Buren,2016,26202,153
Buren,2017,26348,150
Capelle aan den IJssel,2008,65022,182
Capelle aan den IJssel,2009,65273,139
Capelle aan den IJssel,2010,65345,244
Capelle aan den IJssel,2011,66104,284
Capelle aan den IJssel,2012,66122,228
Capelle aan den IJssel,2013,66024,217
Capelle aan den IJssel,2014,66178,250
Capelle aan den IJssel,2015,66478,298
Capelle aan den IJssel,2016,66486,344
Capelle aan den IJssel,2017,66421,288
Castricum,2008,34705,166
Castricum,2009,34739,75
Castricum,2010,34652,165
Castricum,2011,34593,142
Castricum,2012,34474,133
Castricum,2013,34402,122
Castricum,2014,34288,138
Castricum,2015,34361,150
Castricum,2016,34604,166
Castricum,2017,35216,173
Coevorden,2008,35993,247
Coevorden,2009,35887,226
Coevorden,2010,36121,250
Coevorden,2011,36067,130
Coevorden,2012,35881,195
Coevorden,2013,35765,180
Coevorden,2014,35769,164
Coevorden,2015,35535,192
Coevorden,2016,35381,219
Coevorden,2017,35286,208
Cranendonck,2008,20263,143
Cranendonck,2009,20272,98
Cranendonck,2010,20343,160
Cranendonck,2011,20371,144
Cranendonck,2012,20432,128
Cranendonck,2013,20330,145
Cranendonck,2014,20344,135
Cranendonck,2015,20542,136
Cranendonck,2016,20660,142
Cranendonck,2017,20676,183
Cromstrijen,2008,12853,101
Cromstrijen,2009,12837,64
Cromstrijen,2010,12818,123
Cromstrijen,2011,12789,97
Cromstrijen,2012,12780,100
Cromstrijen,2013,12762,78
Cromstrijen,2014,12738,80
Cromstrijen,2015,12784,89
Cromstrijen,2016,12755,119
Cromstrijen,2017,12797,118
Cuijk,2008,24226,93
Cuijk,2009,24309,63
Cuijk,2010,24433,156
Cuijk,2011,24580,144
Cuijk,2012,24648,139
Cuijk,2013,24743,179
Cuijk,2014,24783,169
Cuijk,2015,24649,204
Cuijk,2016,24608,205
Cuijk,2017,24696,228
Culemborg,2008,27298,191
Culemborg,2009,27414,112
Culemborg,2010,27501,157
Culemborg,2011,27584,129
Culemborg,2012,27632,126
Culemborg,2013,27681,118
Culemborg,2014,27590,145
Culemborg,2015,27560,174
Culemborg,2016,27644,206
Culemborg,2017,27864,174
Dalfsen,2008,26735,181
Dalfsen,2009,27044,149
Dalfsen,2010,27259,209
Dalfsen,2011,27313,174
Dalfsen,2012,27432,140
Dalfsen,2013,27570,180
Dalfsen,2014,27674,152
Dalfsen,2015,27677,182
Dalfsen,2016,27916,145
Dalfsen,2017,28070,140
Dantumadiel,2008,,85
Dantumadiel,2009,19367,91
Dantumadiel,2010,19283,46
Dantumadiel,2011,19310,6
Dantumadiel,2012,19264,8
Dantumadiel,2013,19130,21
Dantumadiel,2014,19030,11
Dantumadiel,2015,19059,60
Dantumadiel,2016,19015,76
Dantumadiel,2017,18942,78
Delft,2008,96168,360
Delft,2009,96517,311
Delft,2010,96760,373
Delft,2011,97690,386
Delft,2012,98675,411
Delft,2013,99097,437
Delft,2014,100046,390
Delft,2015,101030,520
Delft,2016,101034,494
Delft,2017,101381,566
Delfzijl,2008,27314,211
Delfzijl,2009,26744,153
Delfzijl,2010,26635,177
Delfzijl,2011,26567,165
Delfzijl,2012,26305,135
Delfzijl,2013,26025,138
Delfzijl,2014,25698,117
Delfzijl,2015,25409,125
Delfzijl,2016,25068,130
Delfzijl,2017,24965,121
Deurne,2008,31643,254
Deurne,2009,31466,226
Deurne,2010,31526,235
Deurne,2011,31676,170
Deurne,2012,31762,160
Deurne,2013,31733,139
Deurne,2014,31659,140
Deurne,2015,31765,149
Deurne,2016,31878,196
Deurne,2017,31933,177
Deventer,2008,97342,913
Deventer,2009,97892,706
Deventer,2010,98523,872
Deventer,2011,98737,764
Deventer,2012,98672,747
Deventer,2013,98581,794
Deventer,2014,98322,705
Deventer,2015,98540,778
Deventer,2016,98869,871
Deventer,2017,99295,804
Diemen,2008,24046,162
Diemen,2009,24361,125
Diemen,2010,24685,112
Diemen,2011,25012,114
Diemen,2012,24935,150
Diemen,2013,25218,167
Diemen,2014,25930,240
Diemen,2015,26666,272
Diemen,2016,26840,249
Diemen,2017,27272,220
Dinkelland,2008,26116,262
Dinkelland,2009,26066,149
Dinkelland,2010,26058,173
Dinkelland,2011,26067,170
Dinkelland,2012,26073,143
Dinkelland,2013,26056,160
Dinkelland,2014,25947,156
Dinkelland,2015,25928,149
Dinkelland,2016,26120,175
Dinkelland,2017,26244,163
Doesburg,2008,11567,27
Doesburg,2009,11503,15
Doesburg,2010,11600,39
Doesburg,2011,11636,37
Doesburg,2012,11598,21
Doesburg,2013,11539,22
Doesburg,2014,11437,32
Doesburg,2015,11355,35
Doesburg,2016,11336,39
Doesburg,2017,11341,45
Doetinchem,2008,56253,421
Doetinchem,2009,56136,367
Doetinchem,2010,56108,462
Doetinchem,2011,56037,401
Doetinchem,2012,56252,395
Doetinchem,2013,56414,400
Doetinchem,2014,56344,350
Doetinchem,2015,56484,343
Doetinchem,2016,56827,342
Doetinchem,2017,57068,344
Dongen,2008,25442,124
Dongen,2009,25411,85
Dongen,2010,25061,92
Dongen,2011,25101,81
Dongen,2012,25205,77
Dongen,2013,25382,57
Dongen,2014,25358,71
Dongen,2015,25395,90
Dongen,2016,25413,89
Dongen,2017,25509,80
Dongeradeel,2008,24694,90
Dongeradeel,2009,24610,115
Dongeradeel,2010,24409,107
Dongeradeel,2011,24292,97
Dongeradeel,2012,24284,104
Dongeradeel,2013,24221,97
Dongeradeel,2014,24160,74
Dongeradeel,2015,23983,76
Dongeradeel,2016,23932,103
Dongeradeel,2017,23901,75
Dordrecht,2008,118182,1062
Dordrecht,2009,118408,767
Dordrecht,2010,118480,1025
Dordrecht,2011,118810,958
Dordrecht,2012,118862,1099
Dordrecht,2013,118466,818
Dordrecht,2014,118691,852
Dordrecht,2015,118899,796
Dordrecht,2016,118801,882
Dordrecht,2017,118731,903
Drechterland,2008,18818,121
Drechterland,2009,19091,65
Drechterland,2010,19291,119
Drechterland,2011,19335,89
Drechterland,2012,19300,80
Drechterland,2013,19298,80
Drechterland,2014,19250,81
Drechterland,2015,19294,90
Drechterland,2016,19400,123
Drechterland,2017,19384,122
Drimmelen,2008,26623,119
Drimmelen,2009,26624,57
Drimmelen,2010,26591,114
Drimmelen,2011,26477,97
Drimmelen,2012,26664,90
Drimmelen,2013,26737,104
Drimmelen,2014,26695,106
Drimmelen,2015,26703,122
Drimmelen,2016,26815,170
Drimmelen,2017,26869,150
Dronten,2008,38528,142
Dronten,2009,39206,105
Dronten,2010,39787,202
Dronten,2011,40164,172
Dronten,2012,40470,175
Dronten,2013,40679,184
Dronten,2014,40413,134
Dronten,2015,40363,177
Dronten,2016,40592,188
Dronten,2017,40746,196
Druten,2008,18082,86
Druten,2009,18102,48
Druten,2010,18084,60
Druten,2011,18097,61
Druten,2012,18193,59
Druten,2013,18203,38
Druten,2014,18210,56
Druten,2015,18294,55
Druten,2016,18407,58
Druten,2017,18563,88
Duiven,2008,25560,110
Duiven,2009,25510,72
Duiven,2010,25593,124
Duiven,2011,25550,154
Duiven,2012,25525,149
Duiven,2013,25554,115
Duiven,2014,25609,121
Duiven,2015,25548,169
Duiven,2016,25433,236
Duiven,2017,25398,198
Echt-Susteren,2008,32172,156
Echt-Susteren,2009,32049,98
Echt-Susteren,2010,32282,288
Echt-Susteren,2011,32264,227
Echt-Susteren,2012,32165,228
Echt-Susteren,2013,32072,252
Echt-Susteren,2014,31976,255
Echt-Susteren,2015,31947,364
Echt-Susteren,2016,31943,411
Echt-Susteren,2017,31815,365
Edam-Volendam,2008,28448,96
Edam-Volendam,2009,28483,52
Edam-Volendam,2010,28506,133
Edam-Volendam,2011,28583,88
Edam-Volendam,2012,28700,85
Edam-Volendam,2013,28754,110
Edam-Volendam,2014,28920,81
Edam-Volendam,2015,29087,100
Edam-Volendam,2016,35465,105
Edam-Volendam,2017,35800,123
Ede,2008,107686,449
Ede,2009,107623,393
Ede,2010,107756,649
Ede,2011,108285,658
Ede,2012,108763,793
Ede,2013,109823,729
Ede,2014,110656,646
Ede,2015,111575,833
Ede,2016,112427,956
Ede,2017,113421,895
Eemnes,2008,8964,61
Eemnes,2009,8880,44
Eemnes,2010,8837,100
Eemnes,2011,8845,62
Eemnes,2012,8824,105
Eemnes,2013,8795,91
Eemnes,2014,8779,137
Eemnes,2015,8807,150
Eemnes,2016,8877,141
Eemnes,2017,8999,133
Eemsmond,2008,16542,146
Eemsmond,2009,16487,95
Eemsmond,2010,16426,96
Eemsmond,2011,16357,107
Eemsmond,2012,16235,106
Eemsmond,2013,16083,100
Eemsmond,2014,15928,85
Eemsmond,2015,15770,64
Eemsmond,2016,15815,63
Eemsmond,2017,15656,75
Eersel,2008,18072,190
Eersel,2009,18104,122
Eersel,2010,18157,196
Eersel,2011,18166,153
Eersel,2012,18166,142
Eersel,2013,18196,117
Eersel,2014,18183,130
Eersel,2015,18347,166
Eersel,2016,18551,166
Eersel,2017,18554,168
Eijsden-Margraten,2008,,177
Eijsden-Margraten,2009,,109
Eijsden-Margraten,2010,,63
Eijsden-Margraten,2011,24940,55
Eijsden-Margraten,2012,24994,50
Eijsden-Margraten,2013,25049,68
Eijsden-Margraten,2014,24979,63
Eijsden-Margraten,2015,24967,89
Eijsden-Margraten,2016,25123,99
Eijsden-Margraten,2017,25297,118
Eindhoven,2008,210333,2505
Eindhoven,2009,212269,1709
Eindhoven,2010,213809,2538
Eindhoven,2011,216036,2011
Eindhoven,2012,217225,1764
Eindhoven,2013,218433,1808
Eindhoven,2014,220920,1611
Eindhoven,2015,223209,1909
Eindhoven,2016,224755,2245
Eindhoven,2017,226868,2363
Elburg,2008,22231,162
Elburg,2009,22112,128
Elburg,2010,22176,163
Elburg,2011,22310,133
Elburg,2012,22416,138
Elburg,2013,22510,138
Elburg,2014,22645,109
Elburg,2015,22843,148
Elburg,2016,22929,143
Elburg,2017,23026,143
Emmen,2008,109151,981
Emmen,2009,109441,722
Emmen,2010,109491,722
Emmen,2011,109259,542
Emmen,2012,108838,608
Emmen,2013,108392,497
Emmen,2014,108052,480
Emmen,2015,107775,560
Emmen,2016,107584,571
Emmen,2017,107490,601
Enkhuizen,2008,17804,74
Enkhuizen,2009,18104,43
Enkhuizen,2010,18153,94
Enkhuizen,2011,18173,72
Enkhuizen,2012,18268,86
Enkhuizen,2013,18315,69
Enkhuizen,2014,18376,45
Enkhuizen,2015,18345,69
Enkhuizen,2016,18455,60
Enkhuizen,2017,18479,82
Enschede,2008,154753,1762
Enschede,2009,156071,1316
Enschede,2010,157052,1589
Enschede,2011,157838,1328
Enschede,2012,158048,1312
Enschede,2013,158627,1503
Enschede,2014,158586,1444
Enschede,2015,158553,1572
Enschede,2016,158351,1611
Enschede,2017,158140,1553
Epe,2008,32970,283
Epe,2009,32954,175
Epe,2010,32881,278
Epe,2011,32875,279
Epe,2012,32519,276
Epe,2013,32385,244
Epe,2014,32351,203
Epe,2015,32214,261
Epe,2016,32282,301
Epe,2017,32537,288
Ermelo,2008,26270,206
Ermelo,2009,26306,187
Ermelo,2010,26264,317
Ermelo,2011,26133,238
Ermelo,2012,26127,201
Ermelo,2013,26120,214
Ermelo,2014,26045,201
Ermelo,2015,26190,207
Ermelo,2016,26507,197
Ermelo,2017,26590,201
Etten-Leur,2008,40435,270
Etten-Leur,2009,40997,108
Etten-Leur,2010,41524,198
Etten-Leur,2011,41800,145
Etten-Leur,2012,42048,172
Etten-Leur,2013,42274,219
Etten-Leur,2014,42357,224
Etten-Leur,2015,42503,286
Etten-Leur,2016,42832,261
Etten-Leur,2017,43027,263
Ferwerderadiel,2008,8865,31
Ferwerderadiel,2009,8825,24
Ferwerderadiel,2010,8839,34
Ferwerderadiel,2011,8864,38
Ferwerderadiel,2012,8837,34
Ferwerderadiel,2013,8856,35
Ferwerderadiel,2014,8790,21
Ferwerderadiel,2015,8738,42
Ferwerderadiel,2016,8701,31
Ferwerderadiel,2017,8735,31
De Fryske Marren,2008,,429
De Fryske Marren,2009,,392
De Fryske Marren,2010,,269
De Fryske Marren,2011,,345
De Fryske Marren,2012,,408
De Fryske Marren,2013,,457
De Fryske Marren,2014,,353
De Fryske Marren,2015,,461
De Fryske Marren,2016,51265,459
De Fryske Marren,2017,51585,423
Geertruidenberg,2008,20742,172
Geertruidenberg,2009,20794,88
Geertruidenberg,2010,21087,154
Geertruidenberg,2011,21307,180
Geertruidenberg,2012,21471,144
Geertruidenberg,2013,21513,189
Geertruidenberg,2014,21571,225
Geertruidenberg,2015,21574,221
Geertruidenberg,2016,21630,270
Geertruidenberg,2017,21504,254
Geldermalsen,2008,26285,308
Geldermalsen,2009,26289,186
Geldermalsen,2010,26260,322
Geldermalsen,2011,26224,297
Geldermalsen,2012,26334,291
Geldermalsen,2013,26240,296
Geldermalsen,2014,26300,273
Geldermalsen,2015,26323,333
Geldermalsen,2016,26346,363
Geldermalsen,2017,26587,383
Geldrop-Mierlo,2008,37982,216
Geldrop-Mierlo,2009,37996,176
Geldrop-Mierlo,2010,38117,302
Geldrop-Mierlo,2011,38389,284
Geldrop-Mierlo,2012,38671,209
Geldrop-Mierlo,2013,38768,219
Geldrop-Mierlo,2014,38854,235
Geldrop-Mierlo,2015,38879,230
Geldrop-Mierlo,2016,38893,215
Geldrop-Mierlo,2017,39078,250
Gemert-Bakel,2008,28103,183
Gemert-Bakel,2009,28508,118
Gemert-Bakel,2010,28763,191
Gemert-Bakel,2011,28906,157
Gemert-Bakel,2012,29041,114
Gemert-Bakel,2013,29101,105
Gemert-Bakel,2014,29315,118
Gemert-Bakel,2015,29513,116
Gemert-Bakel,2016,29647,136
Gemert-Bakel,2017,30024,105
Gennep,2008,16890,104
Gennep,2009,17101,80
Gennep,2010,17153,96
Gennep,2011,17383,93
Gennep,2012,17367,87
Gennep,2013,17319,78
Gennep,2014,17286,98
Gennep,2015,17280,93
Gennep,2016,17085,120
Gennep,2017,17129,114
Giessenlanden,2008,14422,129
Giessenlanden,2009,14411,105
Giessenlanden,2010,14451,119
Giessenlanden,2011,14427,76
Giessenlanden,2012,14508,121
Giessenlanden,2013,14466,97
Giessenlanden,2014,14442,109
Giessenlanden,2015,14464,137
Giessenlanden,2016,14544,126
Giessenlanden,2017,14596,122
Gilze en Rijen,2008,25644,137
Gilze en Rijen,2009,25789,88
Gilze en Rijen,2010,25975,172
Gilze en Rijen,2011,25764,174
Gilze en Rijen,2012,25589,154
Gilze en Rijen,2013,25858,168
Gilze en Rijen,2014,26069,160
Gilze en Rijen,2015,26065,191
Gilze en Rijen,2016,26152,258
Gilze en Rijen,2017,26220,226
Goeree-Overflakkee,2008,,173
Goeree-Overflakkee,2009,,117
Goeree-Overflakkee,2010,,190
Goeree-Overflakkee,2011,,179
Goeree-Overflakkee,2012,,195
Goeree-Overflakkee,2013,48259,127
Goeree-Overflakkee,2014,48245,186
Goeree-Overflakkee,2015,48206,219
Goeree-Overflakkee,2016,48321,244
Goeree-Overflakkee,2017,48653,238
Goes,2008,36706,247
Goes,2009,36754,159
Goes,2010,36605,433
Goes,2011,36665,411
Goes,2012,36921,400
Goes,2013,36971,372
Goes,2014,36954,296
Goes,2015,37153,313
Goes,2016,37207,381
Goes,2017,37274,376
Goirle,2008,22319,70
Goirle,2009,22466,47
Goirle,2010,22761,88
Goirle,2011,22807,61
Goirle,2012,22805,40
Goirle,2013,22933,42
Goirle,2014,23098,44
Goirle,2015,23014,73
Goirle,2016,23111,58
Goirle,2017,23317,70
Gooise Meren,2008,,395
Gooise Meren,2009,,144
Gooise Meren,2010,,601
Gooise Meren,2011,,386
Gooise Meren,2012,,473
Gooise Meren,2013,,479
Gooise Meren,2014,,486
Gooise Meren,2015,,600
Gooise Meren,2016,56696,680
Gooise Meren,2017,56935,461
Gorinchem,2008,34472,380
Gorinchem,2009,34554,299
Gorinchem,2010,34663,373
Gorinchem,2011,34895,434
Gorinchem,2012,35083,494
Gorinchem,2013,35128,306
Gorinchem,2014,35242,292
Gorinchem,2015,35338,369
Gorinchem,2016,35260,427
Gorinchem,2017,35755,389
Gouda,2008,70857,581
Gouda,2009,70828,333
Gouda,2010,71122,457
Gouda,2011,71047,368
Gouda,2012,71235,412
Gouda,2013,70904,368
Gouda,2014,70941,308
Gouda,2015,71105,299
Gouda,2016,71189,310
Gouda,2017,71752,424
Grave,2008,12717,37
Grave,2009,12673,17
Grave,2010,12917,45
Grave,2011,13031,44
Grave,2012,12799,56
Grave,2013,12731,54
Grave,2014,12695,40
Grave,2015,12840,35
Grave,2016,12643,61
Grave,2017,12370,51
's-Gravenhage (gemeente),2008,475681,2490
's-Gravenhage (gemeente),2009,481864,2318
's-Gravenhage (gemeente),2010,488553,2896
's-Gravenhage (gemeente),2011,495083,2581
's-Gravenhage (gemeente),2012,502055,2650
's-Gravenhage (gemeente),2013,505856,2924
's-Gravenhage (gemeente),2014,508940,2654
's-Gravenhage (gemeente),2015,514861,3253
's-Gravenhage (gemeente),2016,519988,3815
's-Gravenhage (gemeente),2017,524882,4191
Grootegast,2008,12208,72
Grootegast,2009,12191,82
Grootegast,2010,12141,68
Grootegast,2011,12209,31
Grootegast,2012,12275,54
Grootegast,2013,12222,50
Grootegast,2014,12165,56
Grootegast,2015,12123,38
Grootegast,2016,12155,40
Grootegast,2017,12166,37
Gulpen-Wittem,2008,14712,114
Gulpen-Wittem,2009,14585,103
Gulpen-Wittem,2010,14594,63
Gulpen-Wittem,2011,14496,61
Gulpen-Wittem,2012,14479,71
Gulpen-Wittem,2013,14444,58
Gulpen-Wittem,2014,14484,70
Gulpen-Wittem,2015,14497,86
Gulpen-Wittem,2016,14508,114
Gulpen-Wittem,2017,14337,94
Haaksbergen,2008,24378,218
Haaksbergen,2009,24495,145
Haaksbergen,2010,24486,142
Haaksbergen,2011,24448,127
Haaksbergen,2012,24419,119
Haaksbergen,2013,24322,167
Haaksbergen,2014,24344,131
Haaksbergen,2015,24307,196
Haaksbergen,2016,24332,189
Haaksbergen,2017,24272,175
Haaren,2008,13769,35
Haaren,2009,13711,35
Haaren,2010,13625,58
Haaren,2011,13630,76
Haaren,2012,13621,64
Haaren,2013,13572,74
Haaren,2014,13587,57
Haaren,2015,13523,75
Haaren,2016,13570,81
Haaren,2017,13912,77
Haarlem,2008,147640,916
Haarlem,2009,148191,621
Haarlem,2010,149579,992
Haarlem,2011,150670,835
Haarlem,2012,151818,889
Haarlem,2013,153093,853
Haarlem,2014,155147,777
Haarlem,2015,156645,811
Haarlem,2016,158140,844
Haarlem,2017,159229,819
Haarlemmermeer,2008,140648,1669
Haarlemmermeer,2009,142042,1302
Haarlemmermeer,2010,142788,1524
Haarlemmermeer,2011,143374,1420
Haarlemmermeer,2012,143943,1572
Haarlemmermeer,2013,144153,1563
Haarlemmermeer,2014,144061,1511
Haarlemmermeer,2015,144152,1747
Haarlemmermeer,2016,144518,2068
Haarlemmermeer,2017,146003,2079
Halderberge,2008,29488,184
Halderberge,2009,29271,92
Halderberge,2010,29291,137
Halderberge,2011,29292,128
Halderberge,2012,29325,130
Halderberge,2013,29231,150
Halderberge,2014,29340,154
Halderberge,2015,29484,158
Halderberge,2016,29531,152
Halderberge,2017,29579,141
Hardenberg,2008,58207,526
Hardenberg,2009,58650,394
Hardenberg,2010,59014,577
Hardenberg,2011,59283,478
Hardenberg,2012,59430,359
Hardenberg,2013,59585,391
Hardenberg,2014,59577,355
Hardenberg,2015,59577,406
Hardenberg,2016,59687,302
Hardenberg,2017,60211,320
Harderwijk,2008,42333,389
Harderwijk,2009,43092,346
Harderwijk,2010,44010,437
Harderwijk,2011,44932,337
Harderwijk,2012,45429,353
Harderwijk,2013,45650,353
Harderwijk,2014,45732,346
Harderwijk,2015,45776,397
Harderwijk,2016,45966,389
Harderwijk,2017,46352,342
Hardinxveld-Giessendam,2008,17604,127
Hardinxveld-Giessendam,2009,17538,97
Hardinxveld-Giessendam,2010,17497,119
Hardinxveld-Giessendam,2011,17535,115
Hardinxveld-Giessendam,2012,17654,139
Hardinxveld-Giessendam,2013,17722,114
Hardinxveld-Giessendam,2014,17758,168
Hardinxveld-Giessendam,2015,17802,135
Hardinxveld-Giessendam,2016,17774,170
Hardinxveld-Giessendam,2017,17872,142
Haren,2008,18706,132
Haren,2009,18632,81
Haren,2010,18516,89
Haren,2011,18515,96
Haren,2012,18457,132
Haren,2013,18642,104
Haren,2014,18782,68
Haren,2015,18924,101
Haren,2016,19076,119
Haren,2017,19570,116
Harlingen,2008,15567,66
Harlingen,2009,15689,53
Harlingen,2010,15809,67
Harlingen,2011,15878,71
Harlingen,2012,15844,62
Harlingen,2013,15854,73
Harlingen,2014,15821,52
Harlingen,2015,15779,77
Harlingen,2016,15813,74
Harlingen,2017,15860,69
Hattem,2008,11657,133
Hattem,2009,11708,120
Hattem,2010,11792,148
Hattem,2011,11762,124
Hattem,2012,11805,139
Hattem,2013,11769,164
Hattem,2014,11732,114
Hattem,2015,11821,154
Hattem,2016,11890,174
Hattem,2017,12040,173
Heemskerk,2008,38381,216
Heemskerk,2009,38485,182
Heemskerk,2010,38848,192
Heemskerk,2011,39206,208
Heemskerk,2012,39268,195
Heemskerk,2013,39117,200
Heemskerk,2014,39088,181
Heemskerk,2015,39138,172
Heemskerk,2016,39299,160
Heemskerk,2017,39171,174
Heemstede,2008,25626,152
Heemstede,2009,25680,85
Heemstede,2010,26058,182
Heemstede,2011,26297,162
Heemstede,2012,26242,155
Heemstede,2013,26317,173
Heemstede,2014,26364,151
Heemstede,2015,26480,166
Heemstede,2016,26766,163
Heemstede,2017,26936,145
Heerde,2008,18212,134
Heerde,2009,18313,121
Heerde,2010,18313,168
Heerde,2011,18300,129
Heerde,2012,18244,157
Heerde,2013,18399,145
Heerde,2014,18490,123
Heerde,2015,18512,148
Heerde,2016,18556,137
Heerde,2017,18561,140
Heerenveen,2008,43027,344
Heerenveen,2009,43334,286
Heerenveen,2010,43418,247
Heerenveen,2011,43454,308
Heerenveen,2012,43514,354
Heerenveen,2013,43323,308
Heerenveen,2014,49899,260
Heerenveen,2015,50141,356
Heerenveen,2016,50290,326
Heerenveen,2017,50203,342
Heerhugowaard,2008,50390,400
Heerhugowaard,2009,50883,189
Heerhugowaard,2010,51178,386
Heerhugowaard,2011,51985,313
Heerhugowaard,2012,52483,290
Heerhugowaard,2013,52893,334
Heerhugowaard,2014,53307,281
Heerhugowaard,2015,53554,323
Heerhugowaard,2016,53927,401
Heerhugowaard,2017,54950,416
Heerlen,2008,89671,872
Heerlen,2009,89356,659
Heerlen,2010,89236,630
Heerlen,2011,89212,501
Heerlen,2012,89016,429
Heerlen,2013,88747,539
Heerlen,2014,88259,520
Heerlen,2015,87500,617
Heerlen,2016,87406,669
Heerlen,2017,87189,719
Heeze-Leende,2008,15133,150
Heeze-Leende,2009,15194,84
Heeze-Leende,2010,15260,164
Heeze-Leende,2011,15295,158
Heeze-Leende,2012,15352,136
Heeze-Leende,2013,15405,157
Heeze-Leende,2014,15353,153
Heeze-Leende,2015,15477,169
Heeze-Leende,2016,15650,179
Heeze-Leende,2017,15714,172
Heiloo,2008,22024,95
Heiloo,2009,22216,45
Heiloo,2010,22451,91
Heiloo,2011,22580,58
Heiloo,2012,22650,70
Heiloo,2013,22594,86
Heiloo,2014,22636,67
Heiloo,2015,22553,93
Heiloo,2016,22689,97
Heiloo,2017,22857,134
Den Helder,2008,57795,340
Den Helder,2009,57526,220
Den Helder,2010,57403,356
Den Helder,2011,57207,329
Den Helder,2012,57065,295
Den Helder,2013,56947,305
Den Helder,2014,56597,248
Den Helder,2015,56483,317
Den Helder,2016,56275,346
Den Helder,2017,56020,329
Hellendoorn,2008,36059,272
Hellendoorn,2009,35846,201
Hellendoorn,2010,35791,205
Hellendoorn,2011,35747,190
Hellendoorn,2012,35796,190
Hellendoorn,2013,35743,209
Hellendoorn,2014,35711,200
Hellendoorn,2015,35622,222
Hellendoorn,2016,35651,240
Hellendoorn,2017,35772,187
Hellevoetsluis,2008,39620,108
Hellevoetsluis,2009,39629,104
Hellevoetsluis,2010,39756,151
Hellevoetsluis,2011,39739,112
Hellevoetsluis,2012,39442,106
Hellevoetsluis,2013,39086,103
Hellevoetsluis,2014,38953,134
Hellevoetsluis,2015,38882,150
Hellevoetsluis,2016,38634,149
Hellevoetsluis,2017,38722,152
Helmond,2008,86767,593
Helmond,2009,87757,397
Helmond,2010,88291,697
Helmond,2011,88560,580
Helmond,2012,88801,446
Helmond,2013,89023,422
Helmond,2014,89256,397
Helmond,2015,89718,446
Helmond,2016,90127,466
Helmond,2017,90602,443
Hendrik-Ido-Ambacht,2008,24854,131
Hendrik-Ido-Ambacht,2009,25881,91
Hendrik-Ido-Ambacht,2010,26897,147
Hendrik-Ido-Ambacht,2011,27616,136
Hendrik-Ido-Ambacht,2012,28257,155
Hendrik-Ido-Ambacht,2013,28641,120
Hendrik-Ido-Ambacht,2014,28911,118
Hendrik-Ido-Ambacht,2015,29156,122
Hendrik-Ido-Ambacht,2016,29408,158
Hendrik-Ido-Ambacht,2017,29731,135
's-Hertogenbosch,2008,136481,421
's-Hertogenbosch,2009,137775,320
's-Hertogenbosch,2010,139607,994
's-Hertogenbosch,2011,140786,998
's-Hertogenbosch,2012,141893,954
's-Hertogenbosch,2013,142817,1139
's-Hertogenbosch,2014,143733,965
's-Hertogenbosch,2015,150889,1164
's-Hertogenbosch,2016,151608,1159
's-Hertogenbosch,2017,152411,1104
Heumen,2008,16628,91
Heumen,2009,16623,71
Heumen,2010,16632,81
Heumen,2011,16494,65
Heumen,2012,16413,79
Heumen,2013,16455,81
Heumen,2014,16334,92
Heumen,2015,16383,133
Heumen,2016,16360,154
Heumen,2017,16475,139
Heusden,2008,42942,84
Heusden,2009,43060,42
Heusden,2010,42995,188
Heusden,2011,43119,205
Heusden,2012,43112,167
Heusden,2013,43244,187
Heusden,2014,43165,190
Heusden,2015,43132,221
Heusden,2016,43274,226
Heusden,2017,43516,238
Hillegom,2008,20348,145
Hillegom,2009,20487,79
Hillegom,2010,20484,123
Hillegom,2011,20627,114
Hillegom,2012,20831,116
Hillegom,2013,20868,108
Hillegom,2014,20944,63
Hillegom,2015,21101,89
Hillegom,2016,21089,90
Hillegom,2017,21316,102
Hilvarenbeek,2008,15107,59
Hilvarenbeek,2009,15041,49
Hilvarenbeek,2010,14978,60
Hilvarenbeek,2011,15035,48
Hilvarenbeek,2012,15047,41
Hilvarenbeek,2013,15086,33
Hilvarenbeek,2014,15092,38
Hilvarenbeek,2015,15042,80
Hilvarenbeek,2016,15164,93
Hilvarenbeek,2017,15283,75
Hilversum,2008,83815,580
Hilversum,2009,84422,271
Hilversum,2010,84573,620
Hilversum,2011,84984,445
Hilversum,2012,85537,507
Hilversum,2013,86017,466
Hilversum,2014,86426,429
Hilversum,2015,87161,450
Hilversum,2016,87830,533
Hilversum,2017,88888,542
Hof van Twente,2008,35181,315
Hof van Twente,2009,35151,178
Hof van Twente,2010,35468,218
Hof van Twente,2011,35573,191
Hof van Twente,2012,35599,184
Hof van Twente,2013,35215,229
Hof van Twente,2014,34997,185
Hof van Twente,2015,34917,239
Hof van Twente,2016,34881,237
Hof van Twente,2017,35011,189
Hollands Kroon,2008,,328
Hollands Kroon,2009,,165
Hollands Kroon,2010,,343
Hollands Kroon,2011,,261
Hollands Kroon,2012,47703,243
Hollands Kroon,2013,47643,269
Hollands Kroon,2014,47502,229
Hollands Kroon,2015,47546,273
Hollands Kroon,2016,47546,315
Hollands Kroon,2017,47600,325
Hoogeveen,2008,54468,694
Hoogeveen,2009,54652,405
Hoogeveen,2010,54805,359
Hoogeveen,2011,54844,304
Hoogeveen,2012,54889,368
Hoogeveen,2013,54874,365
Hoogeveen,2014,54664,294
Hoogeveen,2015,54860,366
Hoogeveen,2016,55240,337
Hoogeveen,2017,55311,409
Hoorn,2008,68696,430
Hoorn,2009,69358,172
Hoorn,2010,70252,473
Hoorn,2011,70697,403
Hoorn,2012,71254,384
Hoorn,2013,71360,359
Hoorn,2014,71703,362
Hoorn,2015,71880,401
Hoorn,2016,72172,430
Hoorn,2017,72493,472
Horst aan de Maas,2008,28975,183
Horst aan de Maas,2009,29286,136
Horst aan de Maas,2010,41465,272
Horst aan de Maas,2011,41814,202
Horst aan de Maas,2012,41917,201
Horst aan de Maas,2013,41810,222
Horst aan de Maas,2014,41727,251
Horst aan de Maas,2015,41661,304
Horst aan de Maas,2016,41675,256
Horst aan de Maas,2017,42139,274
Houten,2008,46475,126
Houten,2009,47243,89
Houten,2010,47622,221
Houten,2011,47935,155
Houten,2012,48309,189
Houten,2013,48429,167
Houten,2014,48421,149
Houten,2015,48637,177
Houten,2016,48765,183
Houten,2017,49300,206
Huizen,2008,41880,126
Huizen,2009,42040,38
Huizen,2010,41934,181
Huizen,2011,41726,145
Huizen,2012,41574,130
Huizen,2013,41445,144
Huizen,2014,41245,102
Huizen,2015,41315,120
Huizen,2016,41373,139
Huizen,2017,41382,151
Hulst,2008,27944,108
Hulst,2009,27886,80
Hulst,2010,27860,187
Hulst,2011,27719,143
Hulst,2012,27632,167
Hulst,2013,27514,140
Hulst,2014,27388,110
Hulst,2015,27360,145
Hulst,2016,27372,167
Hulst,2017,27395,164
IJsselstein,2008,34059,100
IJsselstein,2009,34163,78
IJsselstein,2010,34226,173
IJsselstein,2011,34348,136
IJsselstein,2012,34271,117
IJsselstein,2013,34254,153
IJsselstein,2014,34275,106
IJsselstein,2015,34061,114
IJsselstein,2016,34101,143
IJsselstein,2017,34208,128
Kaag en Braassem,2008,,171
Kaag en Braassem,2009,25412,146
Kaag en Braassem,2010,25642,168
Kaag en Braassem,2011,25744,205
Kaag en Braassem,2012,25737,143
Kaag en Braassem,2013,25715,179
Kaag en Braassem,2014,25745,135
Kaag en Braassem,2015,25844,166
Kaag en Braassem,2016,26108,188
Kaag en Braassem,2017,26374,232
Kampen,2008,49385,419
Kampen,2009,49860,291
Kampen,2010,50051,431
Kampen,2011,50403,349
Kampen,2012,50705,316
Kampen,2013,50924,355
Kampen,2014,51092,263
Kampen,2015,51432,336
Kampen,2016,51950,363
Kampen,2017,52511,354
Kapelle,2008,12047,83
Kapelle,2009,12288,50
Kapelle,2010,12402,107
Kapelle,2011,12365,125
Kapelle,2012,12398,86
Kapelle,2013,12495,105
Kapelle,2014,12500,78
Kapelle,2015,12545,73
Kapelle,2016,12639,97
Kapelle,2017,12622,110
Katwijk,2008,61180,267
Katwijk,2009,61337,202
Katwijk,2010,61828,283
Katwijk,2011,62044,268
Katwijk,2012,62476,255
Katwijk,2013,62688,240
Katwijk,2014,62782,232
Katwijk,2015,63633,222
Katwijk,2016,64239,249
Katwijk,2017,64532,314
Kerkrade,2008,48334,429
Kerkrade,2009,48076,286
Kerkrade,2010,47684,219
Kerkrade,2011,47409,201
Kerkrade,2012,47280,167
Kerkrade,2013,47194,221
Kerkrade,2014,46784,245
Kerkrade,2015,46524,281
Kerkrade,2016,46023,342
Kerkrade,2017,45937,293
Koggenland,2008,21495,151
Koggenland,2009,21792,103
Koggenland,2010,21969,149
Koggenland,2011,22082,148
Koggenland,2012,22345,125
Koggenland,2013,22376,161
Koggenland,2014,22485,103
Koggenland,2015,22426,147
Koggenland,2016,22471,214
Koggenland,2017,22522,225
Korendijk,2008,10934,46
Korendijk,2009,10925,31
Korendijk,2010,10891,64
Korendijk,2011,10848,31
Korendijk,2012,10801,28
Korendijk,2013,10774,24
Korendijk,2014,10702,22
Korendijk,2015,10778,41
Korendijk,2016,10825,30
Korendijk,2017,10959,47
Krimpen aan den IJssel,2008,28807,34
Krimpen aan den IJssel,2009,28907,44
Krimpen aan den IJssel,2010,28812,77
Krimpen aan den IJssel,2011,28626,78
Krimpen aan den IJssel,2012,28692,71
Krimpen aan den IJssel,2013,28855,60
Krimpen aan den IJssel,2014,28825,66
Krimpen aan den IJssel,2015,28970,85
Krimpen aan den IJssel,2016,29054,75
Krimpen aan den IJssel,2017,29123,77
Krimpenerwaard,2008,,210
Krimpenerwaard,2009,,177
Krimpenerwaard,2010,,259
Krimpenerwaard,2011,,204
Krimpenerwaard,2012,,189
Krimpenerwaard,2013,,213
Krimpenerwaard,2014,,185
Krimpenerwaard,2015,54208,161
Krimpenerwaard,2016,54653,223
Krimpenerwaard,2017,55204,235
Laarbeek,2008,21783,152
Laarbeek,2009,21717,101
Laarbeek,2010,21581,138
Laarbeek,2011,21532,131
Laarbeek,2012,21608,108
Laarbeek,2013,21767,105
Laarbeek,2014,21802,113
Laarbeek,2015,21913,121
Laarbeek,2016,21965,104
Laarbeek,2017,21942,115
Landerd,2008,14796,39
Landerd,2009,14805,27
Landerd,2010,14888,95
Landerd,2011,14941,101
Landerd,2012,15066,70
Landerd,2013,15223,94
Landerd,2014,15266,91
Landerd,2015,15290,104
Landerd,2016,15303,124
Landerd,2017,15332,126
Landgraaf,2008,38748,223
Landgraaf,2009,38713,166
Landgraaf,2010,38457,104
Landgraaf,2011,38186,120
Landgraaf,2012,38067,89
Landgraaf,2013,37911,132
Landgraaf,2014,37573,134
Landgraaf,2015,37456,156
Landgraaf,2016,37465,197
Landgraaf,2017,37458,164
Landsmeer,2008,10173,37
Landsmeer,2009,10139,22
Landsmeer,2010,10233,50
Landsmeer,2011,10253,53
Landsmeer,2012,10334,36
Landsmeer,2013,10454,37
Landsmeer,2014,10444,27
Landsmeer,2015,10823,53
Landsmeer,2016,10977,34
Landsmeer,2017,11275,30
Langedijk,2008,26047,139
Langedijk,2009,26886,70
Langedijk,2010,26955,131
Langedijk,2011,26997,107
Langedijk,2012,26991,103
Langedijk,2013,26899,124
Langedijk,2014,26935,84
Langedijk,2015,27287,113
Langedijk,2016,27447,123
Langedijk,2017,27608,142
Lansingerland,2008,49411,106
Lansingerland,2009,51019,104
Lansingerland,2010,52565,175
Lansingerland,2011,54090,140
Lansingerland,2012,55265,177
Lansingerland,2013,56506,197
Lansingerland,2014,57122,177
Lansingerland,2015,58133,260
Lansingerland,2016,59035,288
Lansingerland,2017,60105,252
Leek,2008,19289,196
Leek,2009,19450,165
Leek,2010,19364,143
Leek,2011,19333,141
Leek,2012,19467,188
Leek,2013,19611,141
Leek,2014,19597,125
Leek,2015,19478,155
Leek,2016,19536,139
Leek,2017,19643,138
Leerdam,2008,20624,106
Leerdam,2009,20732,75
Leerdam,2010,20745,104
Leerdam,2011,20692,84
Leerdam,2012,20664,112
Leerdam,2013,20718,74
Leerdam,2014,20590,67
Leerdam,2015,20568,77
Leerdam,2016,20711,74
Leerdam,2017,20905,74
Leeuwarden,2008,92864,510
Leeuwarden,2009,93498,409
Leeuwarden,2010,94073,707
Leeuwarden,2011,94838,709
Leeuwarden,2012,95321,669
Leeuwarden,2013,95949,788
Leeuwarden,2014,107342,661
Leeuwarden,2015,107691,747
Leeuwarden,2016,107897,781
Leeuwarden,2017,108667,796
Leiden,2008,116878,949
Leiden,2009,116787,742
Leiden,2010,117123,1054
Leiden,2011,117915,1038
Leiden,2012,118748,958
Leiden,2013,119800,887
Leiden,2014,121163,747
Leiden,2015,121562,842
Leiden,2016,122561,925
Leiden,2017,123661,1117
Leiderdorp,2008,26376,199
Leiderdorp,2009,26470,153
Leiderdorp,2010,26426,168
Leiderdorp,2011,26609,212
Leiderdorp,2012,26706,174
Leiderdorp,2013,26743,139
Leiderdorp,2014,26813,124
Leiderdorp,2015,26853,113
Leiderdorp,2016,26968,145
Leiderdorp,2017,27128,193
Leidschendam-Voorburg,2008,72862,251
Leidschendam-Voorburg,2009,72697,250
Leidschendam-Voorburg,2010,72160,240
Leidschendam-Voorburg,2011,72068,225
Leidschendam-Voorburg,2012,72405,277
Leidschendam-Voorburg,2013,72588,345
Leidschendam-Voorburg,2014,73356,324
Leidschendam-Voorburg,2015,73979,411
Leidschendam-Voorburg,2016,74223,503
Leidschendam-Voorburg,2017,74604,515
Lelystad,2008,73063,328
Lelystad,2009,73848,251
Lelystad,2010,74628,372
Lelystad,2011,75111,341
Lelystad,2012,75312,375
Lelystad,2013,75778,409
Lelystad,2014,76142,348
Lelystad,2015,76418,431
Lelystad,2016,76792,511
Lelystad,2017,76937,546
Lemsterland,2008,13430,1
Leudal,2008,36744,260
Leudal,2009,36751,184
Leudal,2010,36741,382
Leudal,2011,36600,250
Leudal,2012,36462,240
Leudal,2013,36426,234
Leudal,2014,36219,255
Leudal,2015,36244,257
Leudal,2016,36140,329
Leudal,2017,35878,295
Leusden,2008,28540,89
Leusden,2009,28583,95
Leusden,2010,28812,183
Leusden,2011,28609,145
Leusden,2012,28905,162
Leusden,2013,28969,152
Leusden,2014,28997,109
Leusden,2015,29062,128
Leusden,2016,29309,148
Leusden,2017,29677,122
Lingewaal,2008,10916,84
Lingewaal,2009,10921,50
Lingewaal,2010,10899,96
Lingewaal,2011,10878,73
Lingewaal,2012,10895,102
Lingewaal,2013,11007,86
Lingewaal,2014,11060,60
Lingewaal,2015,11079,89
Lingewaal,2016,11112,97
Lingewaal,2017,11158,93
Lingewaard,2008,44617,88
Lingewaard,2009,45084,60
Lingewaard,2010,45445,149
Lingewaard,2011,45589,154
Lingewaard,2012,45770,136
Lingewaard,2013,45818,120
Lingewaard,2014,45776,147
Lingewaard,2015,45788,133
Lingewaard,2016,45950,137
Lingewaard,2017,46182,169
Lisse,2008,22131,127
Lisse,2009,22301,105
Lisse,2010,22335,105
Lisse,2011,22685,123
Lisse,2012,22511,105
Lisse,2013,22393,108
Lisse,2014,22336,78
Lisse,2015,22539,81
Lisse,2016,22606,98
Lisse,2017,22717,89
Littenseradiel,2017,10746,5
Lochem,2008,33045,236
Lochem,2009,33313,187
Lochem,2010,33395,296
Lochem,2011,33278,256
Lochem,2012,33263,199
Lochem,2013,33308,238
Lochem,2014,33248,202
Lochem,2015,33244,211
Lochem,2016,33333,209
Lochem,2017,33545,183
Loon op Zand,2008,22885,93
Loon op Zand,2009,22934,71
Loon op Zand,2010,23016,140
Loon op Zand,2011,22973,132
Loon op Zand,2012,23071,116
Loon op Zand,2013,23083,122
Loon op Zand,2014,23080,88
Loon op Zand,2015,22960,128
Loon op Zand,2016,22929,140
Loon op Zand,2017,23093,109
Lopik,2008,14047,53
Lopik,2009,14156,33
Lopik,2010,14174,90
Lopik,2011,14121,69
Lopik,2012,14050,66
Lopik,2013,13992,57
Lopik,2014,13999,52
Lopik,2015,14099,64
Lopik,2016,14156,80
Lopik,2017,14208,73
Loppersum,2008,10702,110
Loppersum,2009,10543,71
Loppersum,2010,10452,70
Loppersum,2011,10478,75
Loppersum,2012,10366,72
Loppersum,2013,10292,48
Loppersum,2014,10196,36
Loppersum,2015,10140,71
Loppersum,2016,10042,52
Loppersum,2017,9914,58
Losser,2008,22492,197
Losser,2009,22589,137
Losser,2010,22647,179
Losser,2011,22664,159
Losser,2012,22673,129
Losser,2013,22554,163
Losser,2014,22612,157
Losser,2015,22467,147
Losser,2016,22444,183
Losser,2017,22482,145
Maarssen,2010,39663,1
Maasdriel,2008,23631,177
Maasdriel,2009,23798,114
Maasdriel,2010,23756,171
Maasdriel,2011,23970,134
Maasdriel,2012,24022,156
Maasdriel,2013,24092,155
Maasdriel,2014,24156,149
Maasdriel,2015,24185,186
Maasdriel,2016,24084,185
Maasdriel,2017,24250,204
Maasgouw,2008,24545,97
Maasgouw,2009,24473,56
Maasgouw,2010,24275,159
Maasgouw,2011,24272,124
Maasgouw,2012,24095,103
Maasgouw,2013,24017,131
Maasgouw,2014,23907,126
Maasgouw,2015,23766,129
Maasgouw,2016,23757,161
Maasgouw,2017,23774,149
Maassluis,2008,31394,27
Maassluis,2009,31389,44
Maassluis,2010,31591,84
Maassluis,2011,31910,74
Maassluis,2012,31849,65
Maassluis,2013,31985,65
Maassluis,2014,32080,80
Maassluis,2015,32201,71
Maassluis,2016,32292,111
Maassluis,2017,32450,82
Maastricht,2008,118004,1071
Maastricht,2009,118286,768
Maastricht,2010,118533,385
Maastricht,2011,119664,303
Maastricht,2012,121050,271
Maastricht,2013,121819,524
Maastricht,2014,122488,539
Maastricht,2015,122397,785
Maastricht,2016,122533,929
Maastricht,2017,122753,830
De Marne,2008,10696,70
De Marne,2009,10587,60
De Marne,2010,10527,66
De Marne,2011,10501,58
De Marne,2012,10428,50
De Marne,2013,10336,43
De Marne,2014,10209,64
De Marne,2015,10157,70
De Marne,2016,10101,48
De Marne,2017,10088,50
Marum,2008,10218,123
Marum,2009,10326,108
Marum,2010,10449,86
Marum,2011,10471,98
Marum,2012,10413,109
Marum,2013,10382,107
Marum,2014,10378,101
Marum,2015,10311,94
Marum,2016,10305,137
Marum,2017,10388,130
Medemblik,2008,26682,297
Medemblik,2009,27017,156
Medemblik,2010,27384,289
Medemblik,2011,42891,220
Medemblik,2012,43117,221
Medemblik,2013,43248,253
Medemblik,2014,43320,203
Medemblik,2015,43604,275
Medemblik,2016,43725,283
Medemblik,2017,44058,300
Meerssen,2008,19744,121
Meerssen,2009,19695,80
Meerssen,2010,19565,54
Meerssen,2011,19495,47
Meerssen,2012,19430,44
Meerssen,2013,19362,69
Meerssen,2014,19254,89
Meerssen,2015,19063,92
Meerssen,2016,19040,91
Meerssen,2017,19072,82
Meierijstad,2008,,178
Meierijstad,2009,,156
Meierijstad,2010,,555
Meierijstad,2011,,514
Meierijstad,2012,,460
Meierijstad,2013,,501
Meierijstad,2014,,478
Meierijstad,2015,,462
Meierijstad,2016,,529
Meierijstad,2017,79869,491
Menameradiel,2015,13612,2
Meppel,2008,31536,247
Meppel,2009,32026,197
Meppel,2010,32378,176
Meppel,2011,32511,130
Meppel,2012,32573,218
Meppel,2013,32726,183
Meppel,2014,32867,179
Meppel,2015,32799,185
Meppel,2016,32794,175
Meppel,2017,33025,202
Midden-Delfland,2008,17451,86
Midden-Delfland,2009,17598,100
Midden-Delfland,2010,17890,116
Midden-Delfland,2011,18154,87
Midden-Delfland,2012,18225,79
Midden-Delfland,2013,18251,107
Midden-Delfland,2014,18456,116
Midden-Delfland,2015,18709,128
Midden-Delfland,2016,18873,234
Midden-Delfland,2017,19034,253
Midden-Drenthe,2008,33587,354
Midden-Drenthe,2009,33560,251
Midden-Drenthe,2010,33560,257
Midden-Drenthe,2011,33581,171
Midden-Drenthe,2012,33558,219
Midden-Drenthe,2013,33422,239
Midden-Drenthe,2014,33366,220
Midden-Drenthe,2015,33284,201
Midden-Drenthe,2016,33450,271
Midden-Drenthe,2017,33399,265
Midden-Groningen,2008,,568
Midden-Groningen,2009,,401
Midden-Groningen,2010,,484
Midden-Groningen,2011,,389
Midden-Groningen,2012,,387
Midden-Groningen,2013,,438
Midden-Groningen,2014,,332
Midden-Groningen,2015,,427
Midden-Groningen,2016,,423
Midden-Groningen,2017,,438
Moerdijk,2008,36724,254
Moerdijk,2009,36648,172
Moerdijk,2010,36536,276
Moerdijk,2011,36547,307
Moerdijk,2012,36522,327
Moerdijk,2013,36625,465
Moerdijk,2014,36729,463
Moerdijk,2015,36816,510
Moerdijk,2016,36762,569
Moerdijk,2017,36944,520
Molenwaard,2008,,178
Molenwaard,2009,,100
Molenwaard,2010,,167
Molenwaard,2011,,108
Molenwaard,2012,,140
Molenwaard,2013,29190,109
Molenwaard,2014,29032,102
Molenwaard,2015,28993,107
Molenwaard,2016,29067,108
Molenwaard,2017,29212,121
Montferland,2008,34995,216
Montferland,2009,35103,155
Montferland,2010,35179,250
Montferland,2011,34976,181
Montferland,2012,35043,187
Montferland,2013,34834,195
Montferland,2014,34987,197
Montferland,2015,35150,209
Montferland,2016,35173,189
Montferland,2017,35316,208
Montfoort,2008,13493,56
Montfoort,2009,13484,50
Montfoort,2010,13494,80
Montfoort,2011,13500,68
Montfoort,2012,13601,61
Montfoort,2013,13621,47
Montfoort,2014,13639,43
Montfoort,2015,13672,49
Montfoort,2016,13783,38
Montfoort,2017,13866,54
Mook en Middelaar,2008,8084,25
Mook en Middelaar,2009,8040,18
Mook en Middelaar,2010,8049,35
Mook en Middelaar,2011,7947,29
Mook en Middelaar,2012,7874,24
Mook en Middelaar,2013,7827,27
Mook en Middelaar,2014,7796,25
Mook en Middelaar,2015,7762,38
Mook en Middelaar,2016,7755,33
Mook en Middelaar,2017,7775,19
Neder-Betuwe,2008,22424,247
Neder-Betuwe,2009,22561,125
Neder-Betuwe,2010,22553,177
Neder-Betuwe,2011,22620,183
Neder-Betuwe,2012,22614,143
Neder-Betuwe,2013,22593,192
Neder-Betuwe,2014,22555,184
Neder-Betuwe,2015,22728,228
Neder-Betuwe,2016,23049,240
Neder-Betuwe,2017,23303,257
Nederweert,2008,16665,87
Nederweert,2009,16695,73
Nederweert,2010,16607,103
Nederweert,2011,16678,84
Nederweert,2012,16771,92
Nederweert,2013,16785,74
Nederweert,2014,16751,82
Nederweert,2015,16776,110
Nederweert,2016,16793,117
Nederweert,2017,16864,108
Neerijnen,2008,11851,112
Neerijnen,2009,11836,77
Neerijnen,2010,11880,107
Neerijnen,2011,11843,67
Neerijnen,2012,11930,86
Neerijnen,2013,12022,98
Neerijnen,2014,12020,98
Neerijnen,2015,12038,108
Neerijnen,2016,12122,150
Neerijnen,2017,12344,157
Nieuwegein,2008,61087,235
Nieuwegein,2009,61007,163
Nieuwegein,2010,60896,488
Nieuwegein,2011,60947,400
Nieuwegein,2012,60720,407
Nieuwegein,2013,60895,436
Nieuwegein,2014,61038,362
Nieuwegein,2015,61264,356
Nieuwegein,2016,61749,413
Nieuwegein,2017,61868,411
Nieuwkoop,2008,26777,105
Nieuwkoop,2009,26757,91
Nieuwkoop,2010,26929,111
Nieuwkoop,2011,26988,119
Nieuwkoop,2012,26974,116
Nieuwkoop,2013,27082,93
Nieuwkoop,2014,27104,86
Nieuwkoop,2015,27114,104
Nieuwkoop,2016,27433,104
Nieuwkoop,2017,27914,119
Nijkerk,2008,38982,122
Nijkerk,2009,39080,68
Nijkerk,2010,39538,248
Nijkerk,2011,39788,212
Nijkerk,2012,40126,254
Nijkerk,2013,40355,207
Nijkerk,2014,40638,229
Nijkerk,2015,40870,232
Nijkerk,2016,41199,324
Nijkerk,2017,41775,277
Nijmegen,2008,161251,1335
Nijmegen,2009,161817,765
Nijmegen,2010,162963,1092
Nijmegen,2011,164223,893
Nijmegen,2012,165182,887
Nijmegen,2013,166382,946
Nijmegen,2014,168292,1049
Nijmegen,2015,170681,1232
Nijmegen,2016,172064,1426
Nijmegen,2017,173556,1268
Nissewaard,2008,,264
Nissewaard,2009,,192
Nissewaard,2010,,358
Nissewaard,2011,,265
Nissewaard,2012,,244
Nissewaard,2013,,230
Nissewaard,2014,,305
Nissewaard,2015,85121,332
Nissewaard,2016,85293,338
Nissewaard,2017,85401,354
Noordenveld,2008,31253,232
Noordenveld,2009,31075,168
Noordenveld,2010,30808,206
Noordenveld,2011,30794,139
Noordenveld,2012,30955,181
Noordenveld,2013,31024,146
Noordenveld,2014,31087,137
Noordenveld,2015,31137,140
Noordenveld,2016,31039,145
Noordenveld,2017,32981,160
Noordoostpolder,2008,45716,240
Noordoostpolder,2009,45814,224
Noordoostpolder,2010,46090,321
Noordoostpolder,2011,46253,284
Noordoostpolder,2012,46342,286
Noordoostpolder,2013,46284,293
Noordoostpolder,2014,46356,227
Noordoostpolder,2015,46479,285
Noordoostpolder,2016,46439,361
Noordoostpolder,2017,46544,360
Noordwijk,2008,24906,171
Noordwijk,2009,25335,116
Noordwijk,2010,25407,185
Noordwijk,2011,25438,142
Noordwijk,2012,25517,196
Noordwijk,2013,25671,150
Noordwijk,2014,25691,93
Noordwijk,2015,25604,116
Noordwijk,2016,25760,149
Noordwijk,2017,25867,153
Noordwijkerhout,2008,15399,76
Noordwijkerhout,2009,15355,60
Noordwijkerhout,2010,15555,108
Noordwijkerhout,2011,15601,79
Noordwijkerhout,2012,15648,99
Noordwijkerhout,2013,15740,79
Noordwijkerhout,2014,15956,55
Noordwijkerhout,2015,16063,66
Noordwijkerhout,2016,16140,70
Noordwijkerhout,2017,16318,82
Nunspeet,2008,26567,231
Nunspeet,2009,26714,156
Nunspeet,2010,26728,313
Nunspeet,2011,26685,241
Nunspeet,2012,26609,284
Nunspeet,2013,26628,237
Nunspeet,2014,26680,212
Nunspeet,2015,26744,238
Nunspeet,2016,26835,247
Nunspeet,2017,26892,215
Nuth,2008,15851,130
Nuth,2009,15720,77
Nuth,2010,15667,89
Nuth,2011,15595,69
Nuth,2012,15644,53
Nuth,2013,15494,74
Nuth,2014,15583,109
Nuth,2015,15495,101
Nuth,2016,15425,120
Nuth,2017,15305,131
Oegstgeest,2008,22367,115
Oegstgeest,2009,22564,96
Oegstgeest,2010,22597,115
Oegstgeest,2011,22767,153
Oegstgeest,2012,22788,134
Oegstgeest,2013,23153,107
Oegstgeest,2014,22910,88
Oegstgeest,2015,22997,76
Oegstgeest,2016,23209,99
Oegstgeest,2017,23608,121
Oirschot,2008,17855,175
Oirschot,2009,17806,122
Oirschot,2010,17750,209
Oirschot,2011,17845,216
Oirschot,2012,17861,167
Oirschot,2013,17926,209
Oirschot,2014,17980,247
Oirschot,2015,18079,245
Oirschot,2016,18199,287
Oirschot,2017,18499,333
Oisterwijk,2008,25743,115
Oisterwijk,2009,25738,86
Oisterwijk,2010,25827,155
Oisterwijk,2011,25721,126
Oisterwijk,2012,25775,124
Oisterwijk,2013,25770,118
Oisterwijk,2014,25802,127
Oisterwijk,2015,25732,213
Oisterwijk,2016,25835,219
Oisterwijk,2017,25936,236
Oldambt,2008,,362
Oldambt,2009,,255
Oldambt,2010,39486,263
Oldambt,2011,39396,286
Oldambt,2012,39095,286
Oldambt,2013,38748,257
Oldambt,2014,38560,218
Oldambt,2015,38420,256
Oldambt,2016,38228,245
Oldambt,2017,38108,229
Oldebroek,2008,22771,185
Oldebroek,2009,22622,168
Oldebroek,2010,22750,160
Oldebroek,2011,22659,158
Oldebroek,2012,22716,147
Oldebroek,2013,22774,129
Oldebroek,2014,22835,118
Oldebroek,2015,23001,149
Oldebroek,2016,23104,161
Oldebroek,2017,23256,176
Oldenzaal,2008,31584,282
Oldenzaal,2009,31764,211
Oldenzaal,2010,31974,225
Oldenzaal,2011,32176,212
Oldenzaal,2012,32176,194
Oldenzaal,2013,32200,206
Oldenzaal,2014,32137,199
Oldenzaal,2015,32120,208
Oldenzaal,2016,32110,250
Oldenzaal,2017,32006,196
Olst-Wijhe,2008,17334,100
Olst-Wijhe,2009,17482,102
Olst-Wijhe,2010,17540,102
Olst-Wijhe,2011,17502,70
Olst-Wijhe,2012,17659,72
Olst-Wijhe,2013,17751,73
Olst-Wijhe,2014,17770,87
Olst-Wijhe,2015,17839,92
Olst-Wijhe,2016,17886,107
Olst-Wijhe,2017,17957,84
Ommen,2008,17419,190
Ommen,2009,17446,171
Ommen,2010,17404,249
Ommen,2011,17329,171
Ommen,2012,17380,170
Ommen,2013,17314,197
Ommen,2014,17361,175
Ommen,2015,17341,190
Ommen,2016,17696,163
Ommen,2017,17531,141
Onderbanken,2008,8240,44
Onderbanken,2009,8147,20
Onderbanken,2010,8109,36
Onderbanken,2011,8016,12
Onderbanken,2012,7966,18
Onderbanken,2013,7905,20
Onderbanken,2014,7881,19
Onderbanken,2015,7866,36
Onderbanken,2016,7869,22
Onderbanken,2017,7865,34
Oost Gelre,2008,29873,209
Oost Gelre,2009,30012,166
Oost Gelre,2010,30026,243
Oost Gelre,2011,30113,200
Oost Gelre,2012,30005,164
Oost Gelre,2013,29873,170
Oost Gelre,2014,29700,146
Oost Gelre,2015,29533,183
Oost Gelre,2016,29537,183
Oost Gelre,2017,29634,190
Oosterhout,2008,53785,425
Oosterhout,2009,54198,197
Oosterhout,2010,54136,453
Oosterhout,2011,54072,320
Oosterhout,2012,54006,288
Oosterhout,2013,53686,371
Oosterhout,2014,53717,331
Oosterhout,2015,53793,412
Oosterhout,2016,54018,485
Oosterhout,2017,54604,478
Ooststellingwerf,2008,26398,195
Ooststellingwerf,2009,26288,165
Ooststellingwerf,2010,26235,185
Ooststellingwerf,2011,26004,145
Ooststellingwerf,2012,25858,164
Ooststellingwerf,2013,25836,161
Ooststellingwerf,2014,25672,139
Ooststellingwerf,2015,25617,126
Ooststellingwerf,2016,25571,164
Ooststellingwerf,2017,25540,144
Oostzaan,2008,9205,73
Oostzaan,2009,9201,41
Oostzaan,2010,9149,85
Oostzaan,2011,9114,132
Oostzaan,2012,9097,131
Oostzaan,2013,9141,128
Oostzaan,2014,9139,90
Oostzaan,2015,9187,110
Oostzaan,2016,9504,164
Oostzaan,2017,9652,219
Opmeer,2008,11244,48
Opmeer,2009,11289,28
Opmeer,2010,11386,45
Opmeer,2011,11420,44
Opmeer,2012,11393,42
Opmeer,2013,11379,46
Opmeer,2014,11368,43
Opmeer,2015,11301,29
Opmeer,2016,11336,54
Opmeer,2017,11420,48
Opsterland,2008,29703,219
Opsterland,2009,29777,192
Opsterland,2010,30039,160
Opsterland,2011,29991,132
Opsterland,2012,29952,186
Opsterland,2013,29896,156
Opsterland,2014,29863,144
Opsterland,2015,29859,187
Opsterland,2016,29830,224
Opsterland,2017,29718,217
Oss,2008,76732,193
Oss,2009,77097,163
Oss,2010,77392,532
Oss,2011,84201,456
Oss,2012,84639,417
Oss,2013,84861,490
Oss,2014,84954,429
Oss,2015,89799,480
Oss,2016,90003,563
Oss,2017,90376,453
Oud-Beijerland,2008,23824,128
Oud-Beijerland,2009,23732,109
Oud-Beijerland,2010,23555,132
Oud-Beijerland,2011,23536,101
Oud-Beijerland,2012,23415,101
Oud-Beijerland,2013,23441,78
Oud-Beijerland,2014,23715,66
Oud-Beijerland,2015,23702,90
Oud-Beijerland,2016,23851,97
Oud-Beijerland,2017,24015,83
Oude IJsselstreek,2008,39905,276
Oude IJsselstreek,2009,40010,199
Oude IJsselstreek,2010,39897,243
Oude IJsselstreek,2011,39922,244
Oude IJsselstreek,2012,39839,259
Oude IJsselstreek,2013,39779,226
Oude IJsselstreek,2014,39595,169
Oude IJsselstreek,2015,39558,254
Oude IJsselstreek,2016,39657,231
Oude IJsselstreek,2017,39568,216
Ouder-Amstel,2008,13046,224
Ouder-Amstel,2009,13107,158
Ouder-Amstel,2010,13099,135
Ouder-Amstel,2011,13146,203
Ouder-Amstel,2012,13232,286
Ouder-Amstel,2013,13249,280
Ouder-Amstel,2014,13271,365
Ouder-Amstel,2015,13289,448
Ouder-Amstel,2016,13411,428
Ouder-Amstel,2017,13419,461
Oudewater,2008,9917,37
Oudewater,2009,9898,20
Oudewater,2010,9843,43
Oudewater,2011,9815,37
Oudewater,2012,9850,31
Oudewater,2013,9872,41
Oudewater,2014,9873,35
Oudewater,2015,9924,27
Oudewater,2016,10049,43
Oudewater,2017,10187,39
Overbetuwe,2008,44226,223
Overbetuwe,2009,45097,120
Overbetuwe,2010,45577,336
Overbetuwe,2011,45953,310
Overbetuwe,2012,46269,283
Overbetuwe,2013,46531,353
Overbetuwe,2014,46665,285
Overbetuwe,2015,46833,363
Overbetuwe,2016,47002,433
Overbetuwe,2017,47394,470
Papendrecht,2008,31573,199
Papendrecht,2009,31730,166
Papendrecht,2010,31853,184
Papendrecht,2011,31883,220
Papendrecht,2012,32032,222
Papendrecht,2013,32082,182
Papendrecht,2014,32117,233
Papendrecht,2015,32188,251
Papendrecht,2016,32248,243
Papendrecht,2017,32292,238
Peel en Maas,2008,,216
Peel en Maas,2009,,143
Peel en Maas,2010,43058,251
Peel en Maas,2011,43188,249
Peel en Maas,2012,43271,235
Peel en Maas,2013,43302,224
Peel en Maas,2014,43314,373
Peel en Maas,2015,43448,282
Peel en Maas,2016,43316,300
Peel en Maas,2017,43347,256
Pekela,2008,13262,113
Pekela,2009,13130,74
Pekela,2010,13054,84
Pekela,2011,12954,79
Pekela,2012,12868,69
Pekela,2013,12804,67
Pekela,2014,12706,50
Pekela,2015,12678,57
Pekela,2016,12641,70
Pekela,2017,12517,67
Pijnacker-Nootdorp,2008,43762,201
Pijnacker-Nootdorp,2009,45900,168
Pijnacker-Nootdorp,2010,48013,113
Pijnacker-Nootdorp,2011,49286,114
Pijnacker-Nootdorp,2012,50103,113
Pijnacker-Nootdorp,2013,50454,108
Pijnacker-Nootdorp,2014,51071,93
Pijnacker-Nootdorp,2015,51203,139
Pijnacker-Nootdorp,2016,51894,136
Pijnacker-Nootdorp,2017,52656,167
Purmerend,2008,78434,370
Purmerend,2009,78862,157
Purmerend,2010,79038,421
Purmerend,2011,79193,362
Purmerend,2012,79266,345
Purmerend,2013,79482,328
Purmerend,2014,79576,299
Purmerend,2015,79611,342
Purmerend,2016,79889,360
Purmerend,2017,79928,367
Putten,2008,23183,203
Putten,2009,23458,157
Putten,2010,23592,259
Putten,2011,23746,192
Putten,2012,23860,178
Putten,2013,23971,217
Putten,2014,23872,172
Putten,2015,24377,193
Putten,2016,24516,197
Putten,2017,24428,182
Raalte,2008,37030,276
Raalte,2009,36891,221
Raalte,2010,36796,275
Raalte,2011,36688,194
Raalte,2012,36603,208
Raalte,2013,36486,174
Raalte,2014,36519,175
Raalte,2015,36603,211
Raalte,2016,36700,234
Raalte,2017,36907,215
Reimerswaal,2008,21296,142
Reimerswaal,2009,21345,77
Reimerswaal,2010,21476,215
Reimerswaal,2011,21614,166
Reimerswaal,2012,21704,197
Reimerswaal,2013,21859,165
Reimerswaal,2014,21927,143
Reimerswaal,2015,22058,157
Reimerswaal,2016,22265,190
Reimerswaal,2017,22356,219
Renkum,2008,31719,83
Renkum,2009,31752,72
Renkum,2010,31656,169
Renkum,2011,31559,116
Renkum,2012,31630,142
Renkum,2013,31565,115
Renkum,2014,31580,118
Renkum,2015,31408,179
Renkum,2016,31254,174
Renkum,2017,31391,168
Renswoude,2008,4482,22
Renswoude,2009,4532,11
Renswoude,2010,4602,31
Renswoude,2011,4752,23
Renswoude,2012,4822,19
Renswoude,2013,4893,30
Renswoude,2014,4924,22
Renswoude,2015,4976,32
Renswoude,2016,5051,33
Renswoude,2017,5101,31
Reusel-De Mierden,2008,12384,69
Reusel-De Mierden,2009,12432,53
Reusel-De Mierden,2010,12555,47
Reusel-De Mierden,2011,12606,49
Reusel-De Mierden,2012,12654,41
Reusel-De Mierden,2013,12670,29
Reusel-De Mierden,2014,12713,31
Reusel-De Mierden,2015,12774,35
Reusel-De Mierden,2016,12811,39
Reusel-De Mierden,2017,12908,46
Rheden,2008,43763,124
Rheden,2009,43679,85
Rheden,2010,43724,217
Rheden,2011,43982,195
Rheden,2012,43612,182
Rheden,2013,43679,151
Rheden,2014,43640,162
Rheden,2015,43625,225
Rheden,2016,43824,318
Rheden,2017,43645,277
Rhenen,2008,18779,100
Rhenen,2009,18833,79
Rhenen,2010,18860,156
Rhenen,2011,18951,99
Rhenen,2012,19064,117
Rhenen,2013,19047,108
Rhenen,2014,19116,100
Rhenen,2015,19308,118
Rhenen,2016,19400,110
Rhenen,2017,19597,131
Ridderkerk,2008,44689,164
Ridderkerk,2009,44646,145
Ridderkerk,2010,44746,182
Ridderkerk,2011,44889,137
Ridderkerk,2012,45208,246
Ridderkerk,2013,45330,273
Ridderkerk,2014,45253,265
Ridderkerk,2015,45149,353
Ridderkerk,2016,45097,369
Ridderkerk,2017,45408,425
Rijssen-Holten,2008,36667,318
Rijssen-Holten,2009,36787,219
Rijssen-Holten,2010,37080,286
Rijssen-Holten,2011,37433,279
Rijssen-Holten,2012,37561,257
Rijssen-Holten,2013,37608,328
Rijssen-Holten,2014,37661,290
Rijssen-Holten,2015,37830,318
Rijssen-Holten,2016,37875,308
Rijssen-Holten,2017,37983,296
Roerdalen,2008,21142,75
Roerdalen,2009,21333,54
Roerdalen,2010,21307,140
Roerdalen,2011,21239,114
Roerdalen,2012,21092,87
Roerdalen,2013,20996,102
Roerdalen,2014,20832,94
Roerdalen,2015,20699,127
Roerdalen,2016,20686,143
Roerdalen,2017,20700,141
Roermond,2008,54446,317
Roermond,2009,54731,227
Roermond,2010,55212,483
Roermond,2011,55595,440
Roermond,2012,56165,435
Roermond,2013,56690,382
Roermond,2014,56929,460
Roermond,2015,57005,520
Roermond,2016,57010,637
Roermond,2017,57390,621
De Ronde Venen,2008,34569,233
De Ronde Venen,2009,34528,173
De Ronde Venen,2010,34400,303
De Ronde Venen,2011,43004,245
De Ronde Venen,2012,42977,249
De Ronde Venen,2013,42846,261
De Ronde Venen,2014,42642,213
De Ronde Venen,2015,42588,259
De Ronde Venen,2016,42576,317
De Ronde Venen,2017,42763,339
Roosendaal,2008,77277,639
Roosendaal,2009,77482,383
Roosendaal,2010,77566,530
Roosendaal,2011,77541,485
Roosendaal,2012,77426,508
Roosendaal,2013,77155,580
Roosendaal,2014,77027,660
Roosendaal,2015,76874,666
Roosendaal,2016,76960,579
Roosendaal,2017,77163,625
Rotterdam,2008,582951,3179
Rotterdam,2009,587134,2905
Rotterdam,2010,593049,4280
Rotterdam,2011,610386,3644
Rotterdam,2012,616260,4654
Rotterdam,2013,616294,4639
Rotterdam,2014,618357,4391
Rotterdam,2015,623652,5767
Rotterdam,2016,629606,6527
Rotterdam,2017,634660,6199
Rozendaal,2008,1511,2
Rozendaal,2009,1515,4
Rozendaal,2010,1495,3
Rozendaal,2011,1512,8
Rozendaal,2012,1514,8
Rozendaal,2013,1501,4
Rozendaal,2014,1503,2
Rozendaal,2015,1509,8
Rozendaal,2016,1498,7
Rozendaal,2017,1498,7
Rucphen,2008,22473,113
Rucphen,2009,22549,60
Rucphen,2010,22484,111
Rucphen,2011,22430,72
Rucphen,2012,22320,93
Rucphen,2013,22268,112
Rucphen,2014,22180,120
Rucphen,2015,22233,137
Rucphen,2016,22276,158
Rucphen,2017,22345,155
Schagen,2008,19064,321
Schagen,2009,18759,178
Schagen,2010,18736,319
Schagen,2011,18671,238
Schagen,2012,18653,224
Schagen,2013,46207,226
Schagen,2014,45978,237
Schagen,2015,46137,286
Schagen,2016,46159,322
Schagen,2017,46193,315
Scherpenzeel,2008,9037,23
Scherpenzeel,2009,9141,6
Scherpenzeel,2010,9316,41
Scherpenzeel,2011,9327,37
Scherpenzeel,2012,9354,19
Scherpenzeel,2013,9403,32
Scherpenzeel,2014,9498,24
Scherpenzeel,2015,9522,28
Scherpenzeel,2016,9529,28
Scherpenzeel,2017,9704,39
Schiedam,2008,74947,275
Schiedam,2009,75326,256
Schiedam,2010,75565,382
Schiedam,2011,75718,324
Schiedam,2012,76244,453
Schiedam,2013,76216,398
Schiedam,2014,76450,416
Schiedam,2015,76869,541
Schiedam,2016,77108,600
Schiedam,2017,77838,713
Schiermonnikoog,2008,951,3
Schiermonnikoog,2009,946,3
Schiermonnikoog,2011,957,2
Schiermonnikoog,2012,932,3
Schiermonnikoog,2013,960,3
Schiermonnikoog,2014,942,2
Schiermonnikoog,2015,926,3
Schiermonnikoog,2016,919,1
Schiermonnikoog,2017,941,3
Schijndel,2015,23543,1
Schinnen,2008,13418,105
Schinnen,2009,13478,68
Schinnen,2010,13494,61
Schinnen,2011,13408,45
Schinnen,2012,13202,36
Schinnen,2013,12950,94
Schinnen,2014,12901,62
Schinnen,2015,12992,67
Schinnen,2016,12960,90
Schinnen,2017,12954,85
Schouwen-Duiveland,2008,33994,192
Schouwen-Duiveland,2009,33929,133
Schouwen-Duiveland,2010,34118,378
Schouwen-Duiveland,2011,34203,275
Schouwen-Duiveland,2012,34151,273
Schouwen-Duiveland,2013,34040,282
Schouwen-Duiveland,2014,33852,213
Schouwen-Duiveland,2015,33821,267
Schouwen-Duiveland,2016,33735,297
Schouwen-Duiveland,2017,33765,319
Simpelveld,2008,11206,52
Simpelveld,2009,11090,33
Simpelveld,2010,10996,34
Simpelveld,2011,10953,25
Simpelveld,2012,10914,15
Simpelveld,2013,10920,30
Simpelveld,2014,10844,21
Simpelveld,2015,10844,35
Simpelveld,2016,10741,46
Simpelveld,2017,10571,40
Sint Anthonis,2008,11789,36
Sint Anthonis,2009,11786,37
Sint Anthonis,2010,11842,47
Sint Anthonis,2011,11796,48
Sint Anthonis,2012,11803,45
Sint Anthonis,2013,11760,46
Sint Anthonis,2014,11691,32
Sint Anthonis,2015,11612,36
Sint Anthonis,2016,11594,49
Sint Anthonis,2017,11594,54
Sint-Michielsgestel,2008,28100,53
Sint-Michielsgestel,2009,28267,31
Sint-Michielsgestel,2010,28138,112
Sint-Michielsgestel,2011,28114,77
Sint-Michielsgestel,2012,28128,93
Sint-Michielsgestel,2013,28040,91
Sint-Michielsgestel,2014,28121,94
Sint-Michielsgestel,2015,28395,102
Sint-Michielsgestel,2016,28403,107
Sint-Michielsgestel,2017,28584,97
Sint-Oedenrode,2015,17937,1
Sittard-Geleen,2008,95691,842
Sittard-Geleen,2009,95327,537
Sittard-Geleen,2010,95243,353
Sittard-Geleen,2011,94814,348
Sittard-Geleen,2012,94535,352
Sittard-Geleen,2013,94024,522
Sittard-Geleen,2014,93691,547
Sittard-Geleen,2015,93724,758
Sittard-Geleen,2016,93555,827
Sittard-Geleen,2017,93319,885
Sliedrecht,2008,23765,151
Sliedrecht,2009,23895,141
Sliedrecht,2010,24051,163
Sliedrecht,2011,24061,135
Sliedrecht,2012,24232,205
Sliedrecht,2013,24389,152
Sliedrecht,2014,24528,139
Sliedrecht,2015,24758,155
Sliedrecht,2016,24968,169
Sliedrecht,2017,25012,190
Smallingerland,2008,54962,410
Smallingerland,2009,55201,363
Smallingerland,2010,55271,298
Smallingerland,2011,55436,282
Smallingerland,2012,55456,325
Smallingerland,2013,55454,355
Smallingerland,2014,55467,306
Smallingerland,2015,55635,350
Smallingerland,2016,55439,436
Smallingerland,2017,55695,404
Soest,2008,45560,199
Soest,2009,45711,139
Soest,2010,45680,340
Soest,2011,45611,295
Soest,2012,45612,256
Soest,2013,45508,245
Soest,2014,45493,219
Soest,2015,45454,246
Soest,2016,45487,213
Soest,2017,45874,196
Someren,2008,18211,201
Someren,2009,18229,151
Someren,2010,18229,155
Someren,2011,18317,116
Someren,2012,18580,111
Someren,2013,18628,138
Someren,2014,18690,123
Someren,2015,18695,123
Someren,2016,18914,142
Someren,2017,19036,132
Son en Breugel,2008,15448,138
Son en Breugel,2009,15527,90
Son en Breugel,2010,15543,155
Son en Breugel,2011,15653,136
Son en Breugel,2012,15822,136
Son en Breugel,2013,16138,154
Son en Breugel,2014,16235,169
Son en Breugel,2015,16344,106
Son en Breugel,2016,16425,119
Son en Breugel,2017,16626,112
Stadskanaal,2008,33817,349
Stadskanaal,2009,33430,241
Stadskanaal,2010,33416,238
Stadskanaal,2011,33122,181
Stadskanaal,2012,32998,173
Stadskanaal,2013,32885,195
Stadskanaal,2014,32803,181
Stadskanaal,2015,32610,201
Stadskanaal,2016,32621,192
Stadskanaal,2017,32252,177
Staphorst,2008,15973,223
Staphorst,2009,16016,195
Staphorst,2010,16153,238
Staphorst,2011,16179,150
Staphorst,2012,16224,198
Staphorst,2013,16275,157
Staphorst,2014,16367,165
Staphorst,2015,16421,187
Staphorst,2016,16544,244
Staphorst,2017,16691,283
Stede Broec,2008,21372,102
Stede Broec,2009,21289,32
Stede Broec,2010,21274,55
Stede Broec,2011,21402,57
Stede Broec,2012,21468,71
Stede Broec,2013,21430,73
Stede Broec,2014,21485,58
Stede Broec,2015,21498,63
Stede Broec,2016,21493,75
Stede Broec,2017,21552,79
Steenbergen,2008,23211,103
Steenbergen,2009,23229,63
Steenbergen,2010,23224,107
Steenbergen,2011,23273,81
Steenbergen,2012,23354,89
Steenbergen,2013,23400,87
Steenbergen,2014,23374,84
Steenbergen,2015,23638,133
Steenbergen,2016,23477,110
Steenbergen,2017,23970,119
Steenwijkerland,2008,43282,325
Steenwijkerland,2009,43215,226
Steenwijkerland,2010,43208,304
Steenwijkerland,2011,43281,249
Steenwijkerland,2012,43402,226
Steenwijkerland,2013,43437,251
Steenwijkerland,2014,43350,251
Steenwijkerland,2015,43219,257
Steenwijkerland,2016,43333,288
Steenwijkerland,2017,43448,279
Stichtse Vecht,2008,,400
Stichtse Vecht,2009,,343
Stichtse Vecht,2010,,552
Stichtse Vecht,2011,63050,375
Stichtse Vecht,2012,63315,344
Stichtse Vecht,2013,63491,439
Stichtse Vecht,2014,63856,344
Stichtse Vecht,2015,63943,429
Stichtse Vecht,2016,64061,480
Stichtse Vecht,2017,64450,486
Strijen,2008,9055,47
Strijen,2009,8972,27
Strijen,2010,8916,47
Strijen,2011,8868,41
Strijen,2012,8848,39
Strijen,2013,8777,18
Strijen,2014,8683,23
Strijen,2015,8716,34
Strijen,2016,8766,27
Strijen,2017,8785,20
Súdwest-Fryslân,2008,,437
Súdwest-Fryslân,2009,,373
Súdwest-Fryslân,2010,,407
Súdwest-Fryslân,2011,82445,183
Súdwest-Fryslân,2012,82634,260
Súdwest-Fryslân,2013,82639,458
Súdwest-Fryslân,2014,84180,295
Súdwest-Fryslân,2015,84164,422
Súdwest-Fryslân,2016,84048,455
Súdwest-Fryslân,2017,84158,430
Terneuzen,2008,55155,396
Terneuzen,2009,55149,280
Terneuzen,2010,54878,494
Terneuzen,2011,54823,446
Terneuzen,2012,54742,446
Terneuzen,2013,54729,369
Terneuzen,2014,54709,283
Terneuzen,2015,54577,356
Terneuzen,2016,54657,417
Terneuzen,2017,54588,346
Terschelling,2008,4705,21
Terschelling,2009,4740,18
Terschelling,2010,4733,34
Terschelling,2011,4721,27
Terschelling,2012,4748,30
Terschelling,2013,4795,24
Terschelling,2014,4780,22
Terschelling,2015,4827,29
Terschelling,2016,4870,25
Terschelling,2017,4859,36
Texel,2008,13547,120
Texel,2009,13691,47
Texel,2010,13779,113
Texel,2011,13728,90
Texel,2012,13668,82
Texel,2013,13662,93
Texel,2014,13552,71
Texel,2015,13581,90
Texel,2016,13574,111
Texel,2017,13545,125
Teylingen,2008,35308,222
Teylingen,2009,35533,172
Teylingen,2010,35759,189
Teylingen,2011,35812,194
Teylingen,2012,35686,190
Teylingen,2013,35800,177
Teylingen,2014,35735,136
Teylingen,2015,35646,171
Teylingen,2016,36013,174
Teylingen,2017,36093,210
Tholen,2008,25264,91
Tholen,2009,25368,74
Tholen,2010,25410,177
Tholen,2011,25489,122
Tholen,2012,25540,143
Tholen,2013,25514,99
Tholen,2014,25408,126
Tholen,2015,25440,110
Tholen,2016,25421,105
Tholen,2017,25527,84
Tiel,2008,41132,303
Tiel,2009,41070,174
Tiel,2010,41192,281
Tiel,2011,41181,246
Tiel,2012,41527,300
Tiel,2013,41751,267
Tiel,2014,41775,289
Tiel,2015,41590,347
Tiel,2016,41510,381
Tiel,2017,41488,331
Tilburg,2008,202091,1248
Tilburg,2009,203464,777
Tilburg,2010,204853,1637
Tilburg,2011,206240,1437
Tilburg,2012,207580,1191
Tilburg,2013,208527,1001
Tilburg,2014,210270,1095
Tilburg,2015,211648,1751
Tilburg,2016,212941,1813
Tilburg,2017,213804,1862
Tubbergen,2008,20797,195
Tubbergen,2009,20992,117
Tubbergen,2010,21145,133
Tubbergen,2011,21171,96
Tubbergen,2012,21206,93
Tubbergen,2013,21172,110
Tubbergen,2014,21206,91
Tubbergen,2015,21142,106
Tubbergen,2016,21120,105
Tubbergen,2017,21153,103
Twenterand,2008,33461,298
Twenterand,2009,33605,209
Twenterand,2010,33580,154
Twenterand,2011,33727,153
Twenterand,2012,33929,129
Twenterand,2013,33971,198
Twenterand,2014,33929,176
Twenterand,2015,33874,185
Twenterand,2016,33846,202
Twenterand,2017,33845,149
Tynaarlo,2008,31974,220
Tynaarlo,2009,32236,171
Tynaarlo,2010,32408,199
Tynaarlo,2011,32450,162
Tynaarlo,2012,32357,183
Tynaarlo,2013,32456,216
Tynaarlo,2014,32493,164
Tynaarlo,2015,32570,182
Tynaarlo,2016,32804,176
Tynaarlo,2017,33280,178
Tytsjerksteradiel,2008,32243,167
Tytsjerksteradiel,2009,32211,138
Tytsjerksteradiel,2010,32237,142
Tytsjerksteradiel,2011,32178,137
Tytsjerksteradiel,2012,32164,146
Tytsjerksteradiel,2013,31979,163
Tytsjerksteradiel,2014,31973,119
Tytsjerksteradiel,2015,31957,134
Tytsjerksteradiel,2016,32077,177
Tytsjerksteradiel,2017,31963,118
Uden,2008,40126,104
Uden,2009,40360,106
Uden,2010,40536,306
Uden,2011,40721,229
Uden,2012,40805,264
Uden,2013,40948,270
Uden,2014,40913,246
Uden,2015,41089,219
Uden,2016,41247,221
Uden,2017,41384,236
Uitgeest,2008,12205,102
Uitgeest,2009,12434,72
Uitgeest,2010,12664,110
Uitgeest,2011,12819,104
Uitgeest,2012,12897,98
Uitgeest,2013,13061,97
Uitgeest,2014,13234,111
Uitgeest,2015,13291,116
Uitgeest,2016,13360,131
Uitgeest,2017,13465,130
Uithoorn,2008,27501,86
Uithoorn,2009,27660,53
Uithoorn,2010,28053,72
Uithoorn,2011,28114,56
Uithoorn,2012,28307,62
Uithoorn,2013,28387,53
Uithoorn,2014,28418,59
Uithoorn,2015,28731,66
Uithoorn,2016,29181,64
Uithoorn,2017,29201,62
Urk,2008,17825,56
Urk,2009,18062,41
Urk,2010,18310,62
Urk,2011,18678,35
Urk,2012,18950,38
Urk,2013,19225,50
Urk,2014,19470,37
Urk,2015,19705,45
Urk,2016,19987,41
Urk,2017,20220,44
Utrecht (gemeente),2008,294737,1923
Utrecht (gemeente),2009,299891,1538
Utrecht (gemeente),2010,307081,3672
Utrecht (gemeente),2011,311367,2762
Utrecht (gemeente),2012,316275,3026
Utrecht (gemeente),2013,321916,3209
Utrecht (gemeente),2014,328164,2604
Utrecht (gemeente),2015,334176,2981
Utrecht (gemeente),2016,338967,3375
Utrecht (gemeente),2017,343038,3357
Utrechtse Heuvelrug,2008,48979,255
Utrechtse Heuvelrug,2009,48893,186
Utrechtse Heuvelrug,2010,48801,454
Utrechtse Heuvelrug,2011,48726,344
Utrechtse Heuvelrug,2012,48267,321
Utrechtse Heuvelrug,2013,48092,284
Utrechtse Heuvelrug,2014,47951,264
Utrechtse Heuvelrug,2015,48183,247
Utrechtse Heuvelrug,2016,48506,326
Utrechtse Heuvelrug,2017,49035,292
Vaals,2008,9838,76
Vaals,2009,9825,80
Vaals,2010,9870,42
Vaals,2011,9805,37
Vaals,2012,9749,42
Vaals,2013,9771,50
Vaals,2014,9685,34
Vaals,2015,9694,69
Vaals,2016,9632,59
Vaals,2017,9710,61
Valkenburg aan de Geul,2008,17099,143
Valkenburg aan de Geul,2009,17071,114
Valkenburg aan de Geul,2010,17090,65
Valkenburg aan de Geul,2011,17024,42
Valkenburg aan de Geul,2012,16945,62
Valkenburg aan de Geul,2013,16814,87
Valkenburg aan de Geul,2014,16675,67
Valkenburg aan de Geul,2015,16618,111
Valkenburg aan de Geul,2016,16518,104
Valkenburg aan de Geul,2017,16440,91
Valkenswaard,2008,30867,240
Valkenswaard,2009,30871,142
Valkenswaard,2010,30725,268
Valkenswaard,2011,30622,226
Valkenswaard,2012,30666,195
Valkenswaard,2013,30584,158
Valkenswaard,2014,30335,181
Valkenswaard,2015,30234,172
Valkenswaard,2016,30262,160
Valkenswaard,2017,30516,180
Veendam,2008,28058,266
Veendam,2009,27995,189
Veendam,2010,28024,218
Veendam,2011,27981,154
Veendam,2012,27920,169
Veendam,2013,27914,178
Veendam,2014,27792,127
Veendam,2015,27695,177
Veendam,2016,27467,142
Veendam,2017,27527,156
Veenendaal,2008,61769,227
Veenendaal,2009,62008,158
Veenendaal,2010,62053,365
Veenendaal,2011,62267,325
Veenendaal,2012,62870,316
Veenendaal,2013,63032,317
Veenendaal,2014,63252,249
Veenendaal,2015,63440,259
Veenendaal,2016,63816,322
Veenendaal,2017,64277,327
Veere,2008,21998,108
Veere,2009,21960,87
Veere,2010,21914,210
Veere,2011,21926,155
Veere,2012,21959,174
Veere,2013,21903,159
Veere,2014,21868,131
Veere,2015,21926,156
Veere,2016,21960,185
Veere,2017,21900,145
Veghel,2015,37754,4
Veldhoven,2008,43056,232
Veldhoven,2009,43007,160
Veldhoven,2010,43243,265
Veldhoven,2011,43592,206
Veldhoven,2012,43880,201
Veldhoven,2013,44092,171
Veldhoven,2014,44155,203
Veldhoven,2015,44166,234
Veldhoven,2016,44317,241
Veldhoven,2017,44724,222
Velsen,2008,67556,637
Velsen,2009,67528,475
Velsen,2010,67281,575
Velsen,2011,67347,545
Velsen,2012,67286,540
Velsen,2013,67122,522
Velsen,2014,67220,550
Velsen,2015,67166,511
Velsen,2016,67448,574
Velsen,2017,67619,462
Venlo,2008,91872,783
Venlo,2009,91467,533
Venlo,2010,100301,1109
Venlo,2011,99793,930
Venlo,2012,100027,802
Venlo,2013,100159,791
Venlo,2014,100428,789
Venlo,2015,100536,1011
Venlo,2016,100371,1143
Venlo,2017,101059,1090
Venray,2008,39100,266
Venray,2009,39224,195
Venray,2010,42718,280
Venray,2011,42784,271
Venray,2012,42959,234
Venray,2013,43038,279
Venray,2014,43112,275
Venray,2015,43202,273
Venray,2016,43291,377
Venray,2017,43565,347
Vianen,2008,19637,131
Vianen,2009,19684,85
Vianen,2010,19647,232
Vianen,2011,19683,190
Vianen,2012,19670,243
Vianen,2013,19670,247
Vianen,2014,19596,207
Vianen,2015,19632,273
Vianen,2016,19513,310
Vianen,2017,19714,349
Vlaardingen,2008,70860,146
Vlaardingen,2009,70433,135
Vlaardingen,2010,70533,229
Vlaardingen,2011,71269,199
Vlaardingen,2012,71042,234
Vlaardingen,2013,70905,263
Vlaardingen,2014,70981,244
Vlaardingen,2015,71645,367
Vlaardingen,2016,71808,368
Vlaardingen,2017,71999,364
Vlagtwedde,2015,16212,1
Vlieland,2008,1124,2
Vlieland,2009,1146,2
Vlieland,2010,1160,1
Vlieland,2011,1151,7
Vlieland,2012,1105,2
Vlieland,2013,1114,8
Vlieland,2014,1110,2
Vlieland,2015,1103,3
Vlieland,2016,1083,3
Vlieland,2017,1085,3
Vlissingen,2008,44798,223
Vlissingen,2009,44712,174
Vlissingen,2010,44645,343
Vlissingen,2011,44536,329
Vlissingen,2012,44502,324
Vlissingen,2013,44451,266
Vlissingen,2014,44444,213
Vlissingen,2015,44485,281
Vlissingen,2016,44451,259
Vlissingen,2017,44394,283
Vlist,2009,9808,1
Voerendaal,2008,12757,87
Voerendaal,2009,12749,52
Voerendaal,2010,12703,63
Voerendaal,2011,12664,40
Voerendaal,2012,12664,33
Voerendaal,2013,12617,64
Voerendaal,2014,12454,51
Voerendaal,2015,12397,55
Voerendaal,2016,12482,62
Voerendaal,2017,12462,63
Voorschoten,2008,22861,90
Voorschoten,2009,22996,67
Voorschoten,2010,23462,135
Voorschoten,2011,23865,111
Voorschoten,2012,24310,107
Voorschoten,2013,24658,91
Voorschoten,2014,24951,55
Voorschoten,2015,25150,76
Voorschoten,2016,25211,74
Voorschoten,2017,25315,89
Voorst,2008,23660,247
Voorst,2009,23706,243
Voorst,2010,23772,295
Voorst,2011,23703,218
Voorst,2012,23719,182
Voorst,2013,23724,185
Voorst,2014,23767,207
Voorst,2015,23913,248
Voorst,2016,23984,231
Voorst,2017,24199,214
Vught,2008,25337,56
Vught,2009,25288,36
Vught,2010,25400,176
Vught,2011,25654,135
Vught,2012,25789,146
Vught,2013,25564,201
Vught,2014,25638,190
Vught,2015,25853,179
Vught,2016,25973,184
Vught,2017,26183,188
Waadhoeke,2008,,197
Waadhoeke,2009,,158
Waadhoeke,2010,,173
Waadhoeke,2011,,129
Waadhoeke,2012,,143
Waadhoeke,2013,,172
Waadhoeke,2014,,125
Waadhoeke,2015,,188
Waadhoeke,2016,,202
Waadhoeke,2017,,195
Waalre,2008,16695,94
Waalre,2009,16543,75
Waalre,2010,16533,108
Waalre,2011,16482,92
Waalre,2012,16503,106
Waalre,2013,16725,126
Waalre,2014,16765,109
Waalre,2015,16874,111
Waalre,2016,17023,110
Waalre,2017,16898,110
Waalwijk,2008,45641,291
Waalwijk,2009,45744,187
Waalwijk,2010,45751,336
Waalwijk,2011,46211,340
Waalwijk,2012,46422,244
Waalwijk,2013,46438,297
Waalwijk,2014,46498,248
Waalwijk,2015,46713,360
Waalwijk,2016,47021,379
Waalwijk,2017,47410,364
Waddinxveen,2008,25638,222
Waddinxveen,2009,25436,162
Waddinxveen,2010,25400,178
Waddinxveen,2011,25337,215
Waddinxveen,2012,25280,233
Waddinxveen,2013,25217,273
Waddinxveen,2014,25508,229
Waddinxveen,2015,25657,271
Waddinxveen,2016,26072,350
Waddinxveen,2017,26536,339
Wageningen,2008,36215,77
Wageningen,2009,36695,58
Wageningen,2010,37359,130
Wageningen,2011,36642,113
Wageningen,2012,37049,113
Wageningen,2013,37408,123
Wageningen,2014,37429,99
Wageningen,2015,37786,110
Wageningen,2016,37837,136
Wageningen,2017,38458,123
Wassenaar,2008,25763,172
Wassenaar,2009,25909,191
Wassenaar,2010,25816,142
Wassenaar,2011,25830,150
Wassenaar,2012,25762,158
Wassenaar,2013,25656,191
Wassenaar,2014,25675,182
Wassenaar,2015,25731,202
Wassenaar,2016,25885,209
Wassenaar,2017,26055,254
Waterland,2008,17026,110
Waterland,2009,16954,35
Waterland,2010,17057,109
Waterland,2011,17140,94
Waterland,2012,17010,77
Waterland,2013,17091,80
Waterland,2014,17134,56
Waterland,2015,17143,99
Waterland,2016,17304,79
Waterland,2017,17290,113
Weert,2008,48305,341
Weert,2009,48332,215
Weert,2010,48456,424
Weert,2011,48563,317
Weert,2012,48668,337
Weert,2013,48587,311
Weert,2014,48721,368
Weert,2015,48914,421
Weert,2016,49100,449
Weert,2017,49574,417
Weesp,2008,17575,70
Weesp,2009,17577,23
Weesp,2010,17636,111
Weesp,2011,17987,89
Weesp,2012,18022,74
Weesp,2013,18151,73
Weesp,2014,18172,47
Weesp,2015,18348,57
Weesp,2016,18572,66
Weesp,2017,18751,59
Werkendam,2008,26415,177
Werkendam,2009,26409,111
Werkendam,2010,26371,191
Werkendam,2011,26353,147
Werkendam,2012,26423,138
Werkendam,2013,26405,214
Werkendam,2014,26387,216
Werkendam,2015,26452,218
Werkendam,2016,26527,246
Werkendam,2017,26844,243
West Maas en Waal,2008,18320,119
West Maas en Waal,2009,18374,74
West Maas en Waal,2010,18413,108
West Maas en Waal,2011,18301,73
West Maas en Waal,2012,18325,72
West Maas en Waal,2013,18410,76
West Maas en Waal,2014,18419,68
West Maas en Waal,2015,18570,108
West Maas en Waal,2016,18693,105
West Maas en Waal,2017,18820,93
Westerveld,2008,19333,170
Westerveld,2009,19302,111
Westerveld,2010,19342,117
Westerveld,2011,19365,91
Westerveld,2012,19198,82
Westerveld,2013,19091,92
Westerveld,2014,18933,89
Westerveld,2015,19085,89
Westerveld,2016,18940,101
Westerveld,2017,19084,75
Westervoort,2008,15478,30
Westervoort,2009,15277,25
Westervoort,2010,15237,62
Westervoort,2011,15336,40
Westervoort,2012,15294,51
Westervoort,2013,15199,46
Westervoort,2014,15138,51
Westervoort,2015,14992,49
Westervoort,2016,15001,53
Westervoort,2017,14991,66
Westerwolde,2008,,213
Westerwolde,2009,,156
Westerwolde,2010,,158
Westerwolde,2011,,139
Westerwolde,2012,,128
Westerwolde,2013,,121
Westerwolde,2014,,121
Westerwolde,2015,,140
Westerwolde,2016,,132
Westerwolde,2017,,127
Westland,2008,99299,550
Westland,2009,99436,462
Westland,2010,99717,445
Westland,2011,99776,400
Westland,2012,101980,464
Westland,2013,102698,411
Westland,2014,103241,395
Westland,2015,104302,485
Westland,2016,104960,513
Westland,2017,105632,630
Weststellingwerf,2008,25674,181
Weststellingwerf,2009,25802,178
Weststellingwerf,2010,25829,157
Weststellingwerf,2011,25846,151
Weststellingwerf,2012,25780,164
Weststellingwerf,2013,25595,144
Weststellingwerf,2014,25454,101
Weststellingwerf,2015,25525,176
Weststellingwerf,2016,25520,149
Weststellingwerf,2017,25608,153
Westvoorne,2008,14084,42
Westvoorne,2009,14031,41
Westvoorne,2010,14057,60
Westvoorne,2011,13992,43
Westvoorne,2012,13901,49
Westvoorne,2013,13890,59
Westvoorne,2014,13964,36
Westvoorne,2015,14083,44
Westvoorne,2016,14197,64
Westvoorne,2017,14257,65
Wierden,2008,23365,291
Wierden,2009,23467,189
Wierden,2010,23447,224
Wierden,2011,23630,169
Wierden,2012,23824,170
Wierden,2013,23807,198
Wierden,2014,23909,170
Wierden,2015,23874,204
Wierden,2016,23952,227
Wierden,2017,24225,277
Wijchen,2008,39660,194
Wijchen,2009,39948,143
Wijchen,2010,40148,205
Wijchen,2011,40507,142
Wijchen,2012,40734,182
Wijchen,2013,41004,152
Wijchen,2014,41043,199
Wijchen,2015,40886,264
Wijchen,2016,40814,296
Wijchen,2017,40876,333
Wijdemeren,2008,23432,103
Wijdemeren,2009,23327,42
Wijdemeren,2010,23391,114
Wijdemeren,2011,23312,91
Wijdemeren,2012,23297,89
Wijdemeren,2013,23221,72
Wijdemeren,2014,23187,63
Wijdemeren,2015,23176,82
Wijdemeren,2016,23275,108
Wijdemeren,2017,23447,81
Wijk bij Duurstede,2008,23306,62
Wijk bij Duurstede,2009,23252,60
Wijk bij Duurstede,2010,23157,126
Wijk bij Duurstede,2011,23115,95
Wijk bij Duurstede,2012,23064,89
Wijk bij Duurstede,2013,23035,78
Wijk bij Duurstede,2014,23043,51
Wijk bij Duurstede,2015,23222,78
Wijk bij Duurstede,2016,23384,81
Wijk bij Duurstede,2017,23502,59
Winsum,2008,13925,92
Winsum,2009,14084,65
Winsum,2010,14073,74
Winsum,2011,14054,55
Winsum,2012,13987,62
Winsum,2013,13906,53
Winsum,2014,13850,59
Winsum,2015,13774,52
Winsum,2016,13633,43
Winsum,2017,13596,45
Winterswijk,2008,29182,214
Winterswijk,2009,29028,143
Winterswijk,2010,29051,273
Winterswijk,2011,29026,205
Winterswijk,2012,28946,204
Winterswijk,2013,28967,217
Winterswijk,2014,28881,190
Winterswijk,2015,28977,233
Winterswijk,2016,28939,254
Winterswijk,2017,28912,205
Woensdrecht,2008,21637,119
Woensdrecht,2009,21700,53
Woensdrecht,2010,21635,108
Woensdrecht,2011,21682,96
Woensdrecht,2012,21675,110
Woensdrecht,2013,21648,139
Woensdrecht,2014,21621,130
Woensdrecht,2015,21644,172
Woensdrecht,2016,21682,224
Woensdrecht,2017,21837,187
Woerden,2008,48383,264
Woerden,2009,48885,224
Woerden,2010,49334,395
Woerden,2011,49748,283
Woerden,2012,50052,328
Woerden,2013,50346,340
Woerden,2014,50577,287
Woerden,2015,50631,350
Woerden,2016,51161,425
Woerden,2017,51513,471
De Wolden,2008,23554,183
De Wolden,2009,23544,132
De Wolden,2010,23576,150
De Wolden,2011,23637,110
De Wolden,2012,23753,115
De Wolden,2013,23761,134
De Wolden,2014,23583,136
De Wolden,2015,23661,132
De Wolden,2016,23722,155
De Wolden,2017,23744,171
Wormerland,2008,15901,84
Wormerland,2009,15900,24
Wormerland,2010,15862,100
Wormerland,2011,15801,72
Wormerland,2012,15781,73
Wormerland,2013,15740,90
Wormerland,2014,15777,63
Wormerland,2015,15740,104
Wormerland,2016,15664,147
Wormerland,2017,15820,106
Woudenberg,2008,11592,43
Woudenberg,2009,11744,56
Woudenberg,2010,11905,91
Woudenberg,2011,12008,54
Woudenberg,2012,12034,66
Woudenberg,2013,12321,69
Woudenberg,2014,12422,55
Woudenberg,2015,12487,62
Woudenberg,2016,12550,69
Woudenberg,2017,12701,84
Woudrichem,2008,14421,55
Woudrichem,2009,14378,44
Woudrichem,2010,14430,67
Woudrichem,2011,14423,34
Woudrichem,2012,14416,46
Woudrichem,2013,14443,35
Woudrichem,2014,14425,50
Woudrichem,2015,14388,40
Woudrichem,2016,14518,53
Woudrichem,2017,14539,57
Zaanstad,2008,142863,801
Zaanstad,2009,144055,401
Zaanstad,2010,145332,844
Zaanstad,2011,146940,872
Zaanstad,2012,148281,959
Zaanstad,2013,149622,903
Zaanstad,2014,150598,738
Zaanstad,2015,151418,865
Zaanstad,2016,152466,1048
Zaanstad,2017,153679,979
Zaltbommel,2008,26185,224
Zaltbommel,2009,26218,145
Zaltbommel,2010,26428,161
Zaltbommel,2011,26643,160
Zaltbommel,2012,26774,169
Zaltbommel,2013,26953,172
Zaltbommel,2014,27182,170
Zaltbommel,2015,27358,210
Zaltbommel,2016,27543,265
Zaltbommel,2017,27728,255
Zandvoort,2008,16665,99
Zandvoort,2009,16607,69
Zandvoort,2010,16632,126
Zandvoort,2011,16632,137
Zandvoort,2012,16651,120
Zandvoort,2013,16593,120
Zandvoort,2014,16575,115
Zandvoort,2015,16692,101
Zandvoort,2016,16792,118
Zandvoort,2017,16899,130
Zederik,2008,13389,99
Zederik,2009,13399,106
Zederik,2010,13397,151
Zederik,2011,13342,103
Zederik,2012,13434,141
Zederik,2013,13538,147
Zederik,2014,13656,153
Zederik,2015,13717,189
Zederik,2016,13718,185
Zederik,2017,13842,195
Zeewolde,2008,20286,125
Zeewolde,2009,20773,107
Zeewolde,2010,20906,180
Zeewolde,2011,21106,161
Zeewolde,2012,21288,147
Zeewolde,2013,21262,125
Zeewolde,2014,21499,118
Zeewolde,2015,21894,116
Zeewolde,2016,22113,155
Zeewolde,2017,22457,212
Zeist,2008,60488,247
Zeist,2009,60383,230
Zeist,2010,60286,497
Zeist,2011,60824,408
Zeist,2012,61233,356
Zeist,2013,61420,340
Zeist,2014,61250,286
Zeist,2015,61641,314
Zeist,2016,62258,342
Zeist,2017,62830,329
Zevenaar,2008,31816,127
Zevenaar,2009,31809,97
Zevenaar,2010,31907,193
Zevenaar,2011,32234,168
Zevenaar,2012,32429,221
Zevenaar,2013,32405,184
Zevenaar,2014,32283,174
Zevenaar,2015,32265,252
Zevenaar,2016,32269,288
Zevenaar,2017,32379,289
Zoetermeer,2008,119504,570
Zoetermeer,2009,120881,453
Zoetermeer,2010,121532,491
Zoetermeer,2011,121911,393
Zoetermeer,2012,122331,398
Zoetermeer,2013,123092,499
Zoetermeer,2014,123561,419
Zoetermeer,2015,124025,460
Zoetermeer,2016,124107,523
Zoetermeer,2017,124763,570
Zoeterwoude,2008,8303,79
Zoeterwoude,2009,8193,53
Zoeterwoude,2010,8118,58
Zoeterwoude,2011,8130,47
Zoeterwoude,2012,8171,61
Zoeterwoude,2013,8122,58
Zoeterwoude,2014,8075,44
Zoeterwoude,2015,8114,46
Zoeterwoude,2016,8119,41
Zoeterwoude,2017,8367,59
Zuidhorn,2008,18374,133
Zuidhorn,2009,18478,106
Zuidhorn,2010,18568,104
Zuidhorn,2011,18631,106
Zuidhorn,2012,18681,104
Zuidhorn,2013,18699,93
Zuidhorn,2014,18775,102
Zuidhorn,2015,18733,85
Zuidhorn,2016,18794,94
Zuidhorn,2017,18859,89
Zuidplas,2008,,224
Zuidplas,2009,,203
Zuidplas,2010,40410,241
Zuidplas,2011,40521,269
Zuidplas,2012,40673,283
Zuidplas,2013,40779,346
Zuidplas,2014,40892,357
Zuidplas,2015,40771,370
Zuidplas,2016,40937,428
Zuidplas,2017,41468,542
Zundert,2008,20947,117
Zundert,2009,21083,55
Zundert,2010,21025,104
Zundert,2011,21163,73
Zundert,2012,21221,94
Zundert,2013,21241,97
Zundert,2014,21399,90
Zundert,2015,21363,105
Zundert,2016,21488,128
Zundert,2017,21657,100
Zutphen,2008,46762,246
Zutphen,2009,46953,212
Zutphen,2010,46870,340
Zutphen,2011,47084,294
Zutphen,2012,47144,265
Zutphen,2013,47240,279
Zutphen,2014,47164,260
Zutphen,2015,46849,248
Zutphen,2016,46997,231
Zutphen,2017,47340,191
Zwartewaterland,2008,21930,141
Zwartewaterland,2009,21944,110
Zwartewaterland,2010,21935,154
Zwartewaterland,2011,22018,118
Zwartewaterland,2012,22048,96
Zwartewaterland,2013,22139,117
Zwartewaterland,2014,22167,80
Zwartewaterland,2015,22166,100
Zwartewaterland,2016,22278,94
Zwartewaterland,2017,22309,97
Zwijndrecht,2008,44472,272
Zwijndrecht,2009,44312,208
Zwijndrecht,2010,44404,272
Zwijndrecht,2011,44445,284
Zwijndrecht,2012,44499,380
Zwijndrecht,2013,44610,231
Zwijndrecht,2014,44547,241
Zwijndrecht,2015,44501,241
Zwijndrecht,2016,44454,263
Zwijndrecht,2017,44417,257
Zwolle,2008,116365,1058
Zwolle,2009,117703,767
Zwolle,2010,119030,1279
Zwolle,2011,120355,1131
Zwolle,2012,121527,1109
Zwolle,2013,122562,1093
Zwolle,2014,123159,881
Zwolle,2015,123861,1126
Zwolle,2016,124896,1244
Zwolle,2017,125548,1137
