id;gemeentenaam;inwoneraantal;koolstofdioxide_uitstoot_heden;stifstofdioxide_uitstoot_heden;fijnstof_uitstoot_heden;koolstofdioxide_uitstoot_inwoner_km2;stifstofdioxide_uitstoot_inwoner_km2;fijnstof_uitstoot_inwoner_km2
;Aa en Hunze;25386;69117868,4;10200,11;185098;2722,68;0,401800599;7,291341684
;Aalsmeer;31724;29762957,9;4883,61;85359;938,18;0,15394055;2,690675829
;Aalten;27007;30717876,2;4795,77;82820,7;1137,40;0,177575073;3,066638279
;Achtkarspelen;27871;30865188,6;4822,71;86719,6;1107,43;0,173036848;3,111463528
;Alblasserdam;20060;31064024;4812,17;82189;1548,56;0,239888833;4,097158524
;Albrandswaard;25292;23127242,3;3728,97;61403,7;914,41;0,147436739;2,427791396
;Alkmaar;108578;143198862,5;22645,51;373458;1318,86;0,208564442;3,439536554
;Almelo;72883;124234329,6;18946,87;315406;1704,57;0,259962817;4,327566099
;Almere;207819;263527519,1;40181,4;636369;1268,06;0,193348058;3,062130989
;Alphen aan den Rijn;111036;131322000,2;20896,94;345160;1182,70;0,188199683;3,108541374
;Alphen-Chaam;10139;18836131,51;2862,02;50789,8;1857,79;0,282278331;5,009350035
;Altena;54450;136063530,5;19721;359474;2498,87;0,362185491;6,601910009
;Ameland;3674;2168774,82;348,032;5595,39;590,30;0,094728361;1,522969516
;Amersfoort;156294;299197410,2;44954,2;760068;1914,32;0,287625885;4,863065761
;Amstelveen;90827;109573391,5;17421,84;275750;1206,40;0,191813448;3,0359915
;Amsterdam;863202;738342234;118142,4;1744310;855,35;0,136865299;2,020743696
;Apeldoorn;162456;431802078,1;64036,6;1111480;2657,96;0,394178116;6,841729453
;Appingedam;11713;13820603,79;2159,237;34631,3;1179,94;0,184345343;2,956654999
;Arnhem;159277;363190320,9;54837,9;939371;2280,24;0,344292647;5,897719068
;Assen;67970;105710895,3;16392,93;262269;1555,26;0,241178902;3,858599382
;Asten;16714;72349163,54;10539,42;213835;4328,66;0,630574369;12,79376571
;Baarle-Nassau;6848;8195553,73;1269,939;21885,4;1196,78;0,1854467;3,195882009
;Baarn;24764;69563689,9;10256,15;170964;2809,07;0,414155629;6,903731223
;Barendrecht;48688;109425566,8;15829,33;270858;2247,49;0,325117688;5,563136707
;Barneveld;57960;213175977,4;30970,7;557012;3677,98;0,534346101;9,610282954
;Beek;15927;57191799,71;8275,03;144714;3590,87;0,519559867;9,086080241
;Beekdaelen;36124;71998563,3;10775,46;177364;1993,09;0,298290887;4,909866017
;Beemster;9748;71869627,86;10078,13;183993;7372,76;1,033866434;18,87494871
;Beesel;13526;29927516,11;4362,55;78160,6;2212,59;0,322530682;5,778545024
;Berg en Dal;18497;31083587;5134,07;75926;1680,47;0,277562307;4,104773747
;Bergeijk;13134;27891047,1;4463,66;76981,2;2123,58;0,339855337;5,861215167
;Bergen (L.);29913;21109445,63;3202,92;58269,8;705,69;0,107074516;1,947975796
;Bergen (NH.);66805;34839848,8;5636,64;82504,3;521,52;0,084374523;1,235001871
;Bergen op Zoom;34766;117925494,1;17905,84;305916;3391,98;0,515038831;8,799286659
;Berkelland;43899;59425561,1;9195,79;164575;1353,69;0,20947607;3,748946445
;Bernheze;30802;108738117,7;15684,59;285648;3530,23;0,50920687;9,273683527
;Best;29823;83319046,6;12285,71;211899;2793,78;0,411954196;7,105220803
;Beuningen;25896;95018105,9;13601,42;246185;3669,22;0,525232468;9,506680568
;Beverwijk;41168;52490681,6;8172,6;125791;1275,04;0,198518267;3,055552857
;Bladel;20175;45509135,4;6819,72;129053;2255,72;0,338028253;6,396679058
;Blaricum;11198;25632722,09;3700,29;63064,4;2289,04;0,330442043;5,631755671
;Bloemendaal;23409;22404568,9;3880,77;53315,8;957,09;0,16578111;2,277577
;Bodegraven-Reeuwijk;34470;172143769,8;24237,3;438467;4994,02;0,703141862;12,72024949
;Boekel;10587;7615235,31;1236,333;21177,1;719,30;0,116778407;2,000292812
;Borger-Odoorn;25359;47553110,4;7202;124552;1875,20;0,284001735;4,91155014
;Borne;23213;52584943,6;7669,29;133334;2265,32;0,330387714;5,743936587
;Borsele;22801;45867717,1;6708,93;129733;2011,65;0,294238411;5,689794307
;Boxmeer;29059;102306459,1;14836,46;272602;3520,65;0,510563337;9,380983516
;Boxtel;30738;105146406,4;15057,4;263663;3420,73;0,489862711;8,57775392
;Breda;184069;403434923,4;60244;1041120;2191,76;0,32729031;5,656139817
;Brielle;17184;26604519,85;4110,58;68493,5;1548,21;0,23920973;3,985888035
;Bronckhorst;36219;57004340,5;8761,99;153281;1573,88;0,24191695;4,232060521
;Brummen;20672;30413764,41;4676,25;84917,4;1471,25;0,226211784;4,107846362
;Brunssum;28121;35606508,2;5745,08;85921,1;1266,19;0,204298567;3,055406991
;Bunnik;15188;69161362,7;9809,6;171322;4553,68;0,645878325;11,28008954
;Bunschoten;21588;21881304,85;3552,44;57212,1;1013,59;0,164556235;2,650180656
;Buren;26578;39796402,4;6007,97;104978;1497,34;0,226050493;3,949808112
;Capelle aan den IJssel;66822;56659169,1;9632,38;136317;847,91;0,144149831;2,040001796
;Castricum;35754;52035717,4;7836,8;122432;1455,38;0,219186664;3,424288192
;Coevorden;35497;91004274,9;13295,06;243853;2563,72;0,374540384;6,869679128
;Cranendonck;20436;53758554,99;7860,43;139013;2630,58;0,384636426;6,802358583
;Cuijk;24931;77549305,3;11281,66;203271;3110,56;0,452515342;8,153343227
;Culemborg;28544;44603587,7;6632,79;113664;1562,63;0,232370726;3,98206278
;Dalfsen;28487;49983343,3;7653,1;140457;1754,60;0,268652368;4,930564819
;Dantumadiel;18930;20769350,74;3229,83;53327,9;1097,17;0,170619651;2,817110407
;De Bilt;42809;103869025,2;15207,16;255657;2426,34;0,355232778;5,97203859
;De Fryske Marren;51442;151600320;21848,42;391596;2947,01;0,42471949;7,61237899
;De Ronde Venen;44064;128624224,2;18749,11;336121;2919,03;0,425497231;7,628018337
;De Wolden;24116;88258236,1;12615,87;233189;3659,74;0,523132775;9,669472549
;Delft;103217;132429977,2;20135,51;325466;1283,02;0,195079396;3,153220884
;Delfzijl;24709;25638766,2;4173,14;69137,8;1037,63;0,168891497;2,798081671
;Den Helder;55600;39997822,7;6952,09;97753,3;719,39;0,12503759;1,758152878
;Deurne;32354;70686984,6;10681,22;205606;2184,80;0,330135996;6,354886567
;Deventer;99941;186822794,7;28614,8;495159;1869,33;0,286316927;4,954513163
;Diemen;29205;68718063,2;9926,43;165861;2352,96;0,339888033;5,679198767
;Dinkelland;26340;49618112,7;7518,56;129820;1883,76;0,285442673;4,928625664
;Doesburg;11142;9665772,27;1556,958;24984,3;867,51;0,139737749;2,242353258
;Doetinchem;57543;89682423,1;14153,76;229917;1558,53;0,245968406;3,995568531
;Dongen;26061;16636659,6;2859,51;42536,4;638,37;0,109723725;1,632186025
;Dordrecht;118667;187513462,8;28668,7;498077;1580,17;0,24158949;4,1972663
;Drechterland;19604;24050962,34;3755,34;63907,7;1226,84;0,191559886;3,259931647
;Drimmelen;27162;57063480,7;8386,18;147238;2100,86;0,308746779;5,42073485
;Dronten;40797;87615767,6;13123,23;245382;2147,60;0,321671446;6,014706964
;Druten;18790;25870387,46;3958,42;70446,5;1376,82;0,210666312;3,749148483
;Duiven;25339;60026732,2;8913,4;154132;2368,95;0,351766052;6,082797269
;Echt-Susteren;31646;116190171;16832,28;298194;3671,56;0,531892814;9,42280225
;Edam-Volendam;36094;35977407,4;5663;96166,4;996,77;0,156895883;2,664332022
;Ede;115732;281110984,8;41098,6;712571;2428,98;0,355118723;6,157078423
;Eemnes;9117;72270982,27;10047,25;174934;7927,06;1,102034661;19,18767138
;Eersel;19111;64058112,63;9310,68;176809;3351,90;0,487189577;9,25168751
;Eijsden-Margraten;25654;36298556,3;5457,01;95761,1;1414,93;0,212715756;3,732794106
;Eindhoven;231469;408666033;63539,8;1068730;1765,53;0,274506737;4,617162557
;Elburg;23087;52353447,7;7696,92;135604;2267,66;0,333387621;5,873608524
;Emmen;107111;134403180,2;21710,19;345729;1254,80;0,202688706;3,227763722
;Enkhuizen;18510;10833611,68;1804,163;28386,8;585,28;0,097469638;1,533592653
;Enschede;158961;156424293,7;25564,4;400274;984,04;0,160821837;2,518064179
;Epe;33151;89961097,8;13057,37;232249;2713,68;0,3938756;7,00579168
;Ermelo;26855;54282237,1;8248,34;141394;2021,31;0,307143549;5,2650903
;Etten-Leur;43786;80144983,8;12146,18;202399;1830,38;0,277398712;4,622459234
;Geertruidenberg;21515;73068745,1;10614,71;188434;3396,18;0,493363235;8,758261678
;Geldrop-Mierlo;39588;74487362,9;11420,95;201762;1881,56;0,288495251;5,096544407
;Gemert-Bakel;30458;39258115,1;6113,37;110506;1288,93;0,200714755;3,628143673
;Gennep;17072;25982605,93;3930,78;68347,7;1521,94;0,230247188;4,003496954
;Gilze en Rijen;26451;73041377,8;10548,83;192427;2761,38;0,398806472;7,274847832
;Goeree-Overflakkee;49610;100287892,1;14829,44;265191;2021,53;0,298920379;5,345515017
;Goes;37654;88733543,2;13042,56;222516;2356,55;0,346379136;5,909491687
;Goirle;23780;19099896;3194,46;49575;803,19;0,134333894;2,084735071
;Gooise Meren;57709;197484738,2;28498,9;475789;3422,08;0,49383805;8,244623889
;Gorinchem;36679;95057081,3;13899,98;254245;2591,59;0,378962894;6,931623
;Gouda;73161;38427766,4;6970,57;91083,8;525,25;0,095277129;1,244977515
;Grave;12478;13523297,46;2082,196;36811,6;1083,77;0,16686937;2,950120212
;Groningen;231354;264074071;42053,9;650099;1141,43;0,181772954;2,80997519
;Gulpen-Wittem;14258;20640584,34;3290,68;52931,8;1447,65;0,230795343;3,712428111
;Haaksbergen;24270;30760142,9;4832,28;82675,2;1267,41;0,199105068;3,406477132
;Haaren;14192;26621721,81;4019,78;70061,7;1875,83;0,283242672;4,936703777
;Haarlem;161213;95812387,6;17027,94;229108;594,32;0,105623864;1,4211509
;Haarlemmermeer;154223;705327101,9;101675,6;1760480;4573,42;0,659276502;11,41515857
;Halderberge;30191;50438201,4;7508,11;133080;1670,64;0,248687026;4,40793614
;Hardenberg;60575;109003291,9;16565,22;306051;1799,48;0,273466281;5,052430871
;Harderwijk;47572;92240438,1;13840,86;238944;1938,96;0,290945514;5,022786513
;Hardinxveld-Giessendam;18053;69021953,82;9871,6;182009;3823,30;0,546812164;10,08192544
;Harlingen;15758;16766393,14;2594,8;44584,5;1063,99;0,164665567;2,829324787
;Hattem;12170;62264513,56;8827,02;163110;5116,23;0,725309778;13,40262942
;Heemskerk;39159;39669585,9;6234,67;90153;1013,04;0,159214229;2,302229373
;Heemstede;27278;18078474,8;3329,01;47766,9;662,75;0,122040106;1,751114451
;Heerde;18549;55919990,98;8050,99;143214;3014,72;0,434039032;7,720847485
;Heerenveen;50252;126892811;18563,13;313857;2525,13;0,36940082;6,245661864
;Heerhugowaard;56749;64399231,7;10645,87;164070;1134,81;0,187595729;2,891152267
;Heerlen;86826;140355552;22025,7;360895;1616,52;0,253676318;4,156531454
;Heeze-Leende;15965;57455749,72;8304,16;152937;3598,86;0,520147823;9,579517695
;Heiloo;23459;31103610;4822,57;72995;1325,87;0,205574406;3,11159896
;Hellendoorn;35812;44152516,2;7171,79;111128;1232,90;0,200262203;3,103093935
;Hellevoetsluis;40041;38296780,2;6025,8;93301,8;956,44;0,150490747;2,330156589
;Helmond;91535;90267205,3;15217,92;259654;986,15;0,166252472;2,836663571
;Hendrik-Ido-Ambacht;30962;43481245,6;6677,36;110699;1404,34;0,215663071;3,575318132
;Hengelo;80660;121346493,3;18952,22;305641;1504,42;0,234964295;3,789251178
;Het Hogeland;49819;53155842,2;8305,1;134944;1066,98;0,166705474;2,708685441
;Heumen;16483;46958279,98;6921,53;119979;2848,89;0,419919311;7,278954074
;Heusden;44107;86758282,5;12882,86;220434;1967,00;0,292081982;4,997710114
;Hillegom;21963;13930220,4;2407,178;37624,6;634,26;0,109601512;1,713090197
;Hilvarenbeek;15330;28495043,15;4321,78;76625,4;1858,78;0,281916504;4,998395303
;Hilversum;90198;93107591;15304,08;234131;1032,26;0,169672055;2,595744917
;Hoeksche Waard;89690;160514192;23826,43;429652;1789,66;0,265653139;4,790411417
;Hof van Twente;34946;54121381,4;8408,36;147100;1548,71;0,240610084;4,209351571
;Hollands Kroon;47802;128697578,7;18611,23;331379;2692,31;0,389339986;6,932325007
;Hoogeveen;55678;129653051,9;19221,77;340445;2328,62;0,345230971;6,114533568
;Hoorn;73037;50134734,4;8610,35;122145;686,43;0,117890247;1,672371538
;Horst aan de Maas;42293;100193784;14826,56;267507;2369,04;0,350567706;6,325089258
;Houten;49902;62292196,8;9228,55;158683;1248,29;0,18493347;3,179892589
;Huizen;41280;37685319,7;6275,57;90612,6;912,92;0,152024467;2,195072674
;Hulst;27523;31683992,7;5033,48;85713,9;1151,18;0,18288268;3,114264433
;IJsselstein;34162;26937874,9;4390,34;71571,2;788,53;0,128515309;2,095052983
;Kaag en Braassem;26861;99725072,8;14352,06;266156;3712,63;0,534308477;9,90864078
;Kampen;53787;72906524;11247,96;190655;1355,47;0,209120419;3,544629743
;Kapelle;12804;38248057,37;5448,15;94766,7;2987,20;0,425503749;7,40133552
;Katwijk;65312;40164318,1;6833,46;107212;614,96;0,10462794;1,641536012
;Kerkrade;45643;38953093,3;6445,67;94129,5;853,43;0,141219245;2,06229871
;Koggenland;22736;79282749,7;11442,29;198543;3487,10;0,503267505;8,732538705
;Krimpen aan den IJssel;29353;12122157,3;2235,485;29663,5;412,98;0,076158655;1,010578135
;Krimpenerwaard;56043;64197542,3;9939,54;180511;1145,51;0,177355602;3,220937494
;Laarbeek;22334;39073806,1;6078,43;115137;1749,52;0,272160383;5,155234172
;Landerd;15523;61263860,92;8825,53;167854;3946,65;0,568545384;10,81324486
;Landgraaf;37596;27962987,1;4712,84;66666,7;743,78;0,125354825;1,773239174
;Landsmeer;11498;9927929,63;1782,461;24054,5;863,45;0,155023569;2,092059489
;Langedijk;27986;23077658,1;3749,65;57058;824,61;0,133983063;2,038805117
;Lansingerland;61617;83098606,2;12857,31;214608;1348,63;0,208664979;3,482934904
;Laren;11198;45733155,78;6556,76;112084;4084,05;0,585529559;10,00928737
;Leeuwarden;123114;180400588,4;28731;459844;1465,31;0,233369073;3,735107299
;Leiden;124797;128352727,4;21024,22;333865;1028,49;0,168467351;2,67526463
;Leiderdorp;27122;46471152;7069,68;120835;1713,41;0,260662193;4,455239289
;Leidschendam-Voorburg;75405;123839131,2;18712,71;305263;1642,32;0,248162721;4,048312446
;Lelystad;77872;246296289,4;35793,2;631090;3162,84;0,459641463;8,10419663
;Leudal;35671;108600211,6;15969,71;289335;3044,50;0,447694486;8,111210787
;Leusden;30028;62824101;9485,75;161713;2092,18;0,31589683;5,385406954
;Lingewaard;46466;38791043,8;6310,99;102174;834,83;0,135819524;2,198898119
;Lisse;22807;17885803,3;2865,12;47171;784,22;0,125624589;2,068268514
;Lochem;33600;52356086,9;8093,44;141541;1558,22;0,24087619;4,212529762
;Loon op Zand;23333;33585403,3;5157,14;86116;1439,39;0,221023443;3,690738439
;Lopik;14477;33246995,34;5012,44;98607,8;2296,54;0,346234717;6,811342129
;Loppersum;9617;14707815,29;2198,774;36305,5;1529,36;0,228634085;3,775137777
;Losser;22614;42857169,1;6568,7;117750;1895,16;0,290470505;5,206951446
;Maasdriel;24703;79342285;11454,96;204924;3211,85;0,463707242;8,295510667
;Maasgouw;23718;61378586;8852,59;153596;2587,85;0,373243528;6,475925457
;Maassluis;32786;11074291,6;2004,652;27363,4;337,78;0,061143537;0,834606234
;Maastricht;121623;113806123,8;19651,41;296937;935,73;0,161576429;2,44145433
;Medemblik;44833;76906106,7;11526,04;196419;1715,39;0,257088305;4,38112551
;Meerssen;18923;34178452,64;4967,65;83721;1806,19;0,262519157;4,424298473
;Meierijstad;61245;165634626,7;24553,8;452808;2704,46;0,400911095;7,393387215
;Meppel;33573;73511875,6;10914,03;194416;2189,61;0,325083549;5,790843833
;Middelburg;48548;51997810,5;8034,72;123924;1071,06;0,165500536;2,552607728
;Midden-Delfland;19401;50913584,54;7371,92;131145;2624,28;0,37997629;6,759703108
;Midden-Drenthe;33179;116753805,9;16769,96;298847;3518,91;0,505438982;9,007112933
;Midden-Groningen;61131;126216086,5;18703,55;317127;2064,68;0,305958515;5,187662561
;Mill en Sint Hubert;10889;15890843,43;2522,43;45219,3;1459,35;0,231649371;4,152750482
;Moerdijk;36963;245859483,2;34364,6;646326;6651,50;0,929702676;17,48575603
;Molenlanden;43808;100843636,9;14911,52;279641;2301,95;0,340383492;6,383331812
;Montferland;36028;48646092;7356,03;130740;1350,23;0,204175364;3,628844232
;Montfoort;13996;20824192,56;3290,52;58658,4;1487,87;0,235104316;4,191083167
;Mook en Middelaar;7808;5018325,98;833,736;12155,1;642,72;0,106779713;1,556749488
;Neder-Betuwe;24039;110472793,1;15617,4;294269;4595,57;0,649669287;12,24131619
;Nederweert;17005;24540666,59;3937,32;72619,5;1443,14;0,231538959;4,270479271
;Nieuwegein;63055;138710093,1;20624,4;358207;2199,83;0,327085877;5,680865911
;Nieuwkoop;28637;29589975,9;4686,97;82583,7;1033,28;0,163668331;2,883811153
;Nijkerk;42947;74736008,4;11325,86;197118;1740,19;0,26371714;4,589796726
;Nijmegen;176707;171980034,5;29277,6;435268;973,25;0,165684438;2,463218775
;Nissewaard;84797;56478206,4;9618,92;136591;666,04;0,113434673;1,61079991
;Noardeast-Fryslân;45508;48379233,6;7546,8;127786;1063,09;0,165834579;2,807989804
;Noord-Beveland;7309;21324629,42;3098,47;55648;2917,59;0,423925298;7,613627035
;Noordenveld;31270;37493786,3;5995,15;97632,2;1199,03;0,191722098;3,122232171
;Noordoostpolder;46863;183056067,4;26354;470408;3906,20;0,562362632;10,03794038
;Noordwijk;42861;45968886,8;7360,4;118307;1072,51;0,171727211;2,760248244
;Nuenen, Gerwen en Nederwetten;22866;33349841,8;5206,71;85357,5;1458,49;0,227705327;3,732944109
;Nunspeet;27485;78276900,2;11427,07;200099;2847,99;0,415756595;7,280298345
;Oegstgeest;24432;32030620,8;4913,37;77029,9;1311,01;0,20110388;3,152828258
;Oirschot;18627;103663585,4;14811,21;273447;5565,23;0,795147367;14,68014173
;Oisterwijk;26128;59072819,6;8774,86;150617;2260,90;0,335841243;5,764582058
;Oldambt;38121;72684344,9;11009,56;185708;1906,67;0,288805645;4,871540621
;Oldebroek;23594;72843822,7;10473,14;189069;3087,39;0,443889972;8,013435619
;Oldenzaal;31855;40808053,2;6555,55;111584;1281,06;0,205793439;3,502872391
;Olst-Wijhe;18069;24699371,39;3825,75;66253,3;1366,95;0,211730035;3,66668327
;Ommen;17817;59198934,9;8876,49;165732;3322,61;0,498203401;9,301902677
;Oost Gelre;29700;38984131,1;6044,79;109146;1312,60;0,203528283;3,674949495
;Oosterhout;55610;139889545,2;20866,7;361956;2515,55;0,375232872;6,508829347
;Ooststellingwerf;25498;36485665;5579,67;99923,5;1430,92;0,218827751;3,91887599
;Oostzaan;9755;30559162,73;4305,48;74615,6;3132,67;0,441361353;7,648959508
;Opmeer;11779;12005866,62;1912,574;31933,7;1019,26;0,162371509;2,711070549
;Opsterland;29715;87536479,5;12618,91;224843;2945,87;0,424664647;7,56664984
;Oss;91437;127238643,8;19777,65;331299;1391,54;0,216298107;3,623248794
;Oude IJsselstreek;39462;59536285,3;9215,66;163778;1508,70;0,233532512;4,150271147
;Ouder-Amstel;13915;121845310,7;17139;301867;8756,40;1,231692418;21,69363996
;Oudewater;10199;10172912,71;1678,973;27962,9;997,44;0,164621335;2,741729581
;Overbetuwe;47532;177398240,1;25478,1;458866;3732,19;0,536019944;9,653833207
;Papendrecht;32293;56159385,4;8503,83;147642;1739,06;0,26333354;4,571950578
;Peel en Maas;43311;107429632,6;15814,76;307141;2480,42;0,36514419;7,091524093
;Pekela;12207;20865420,53;3152,27;55069,5;1709,30;0,258234619;4,511304989
;Pijnacker-Nootdorp;54321;32935015,3;5499,88;86644,8;606,30;0,101247768;1,595051637
;Purmerend;80147;49804605,7;8539,14;118289;621,42;0,106543476;1,475900533
;Putten;24200;69871876,2;10175,76;180790;2887,27;0,42048595;7,470661157
;Raalte;37512;56568382;8713,48;153521;1508,01;0,232285135;4,092583707
;Reimerswaal;22670;104004474,9;14587,66;268590;4587,76;0,643478606;11,8478165
;Renkum;31304;64862715;9503,23;167872;2072,03;0,303578776;5,362637363
;Renswoude;5258;18825963;2711,24;46968,2;3580,44;0,515640928;8,932712058
;Reusel-De Mierden;13060;14026066,12;2183,52;38934,5;1073,97;0,167191424;2,981202144
;Rheden;43686;53908016,7;8360,3;140451;1233,99;0,191372522;3,215011674
;Rhenen;20012;34238068,99;5287,83;93091,4;1710,88;0,26423296;4,651778933
;Ridderkerk;46255;134050440,4;19516,78;343290;2898,07;0,421938817;7,421684142
;Rijssen-Holten;38296;113675964,7;16910,84;304685;2968,35;0,441582411;7,956052851
;Rijswijk;53486;61119896,8;10150,64;144862;1142,73;0,189781251;2,708409677
;Roerdalen;20616;40150629,55;5941,58;106773;1947,55;0,288202367;5,179132712
;Roermond;58194;108602070,6;16973,8;305515;1866,21;0,291676118;5,249939856
;Roosendaal;77072;143127505,9;21737,65;370351;1857,06;0,282043414;4,805260017
;Rotterdam;644527;813523160;127458,2;2084640;1262,20;0,197754632;3,234371873
;Rozendaal;1654;2197916,594;371,169;5040,13;1328,85;0,224406892;3,047237001
;Rucphen;22585;54062658;7822,6;136859;2393,74;0,34636263;6,059729909
;Schagen;46563;66811109,6;10476,7;170177;1434,85;0,225000537;3,654768808
;Scherpenzeel;9874;7134831,81;1107,483;19731,1;722,59;0,112161535;1,998288434
;Schiedam;78094;85472803,6;13240,35;215548;1094,49;0,169543755;2,760109611
;Schiermonnikoog;936;601656,739;94,3841;1640,02;642,80;0,100837714;1,75215812
;Schouwen-Duiveland;33789;65151060,9;9823,35;175316;1928,17;0,290726272;5,188552487
;'s-Gravenhage;537988;382668497;64424,2;895744;711,30;0,119750255;1,66498881
;'s-Hertogenbosch;154231;320023625,9;48892,3;820145;2074,96;0,317006957;5,317640422
;Simpelveld;10505;9189099,6;1490,841;22242,7;874,74;0,141917277;2,117344122
;Sint Anthonis;11612;19880714,31;3039,99;55836,2;1712,08;0,261797279;4,808491216
;Sint-Michielsgestel;28982;33597784,2;5249,8;92302,5;1159,26;0,181140018;3,184821613
;Sittard-Geleen;92627;230554507,7;34489,9;596828;2489,06;0,372352554;6,443348052
;Sliedrecht;25018;48822057,1;7385,74;128065;1951,48;0,295217044;5,118914382
;Sluis;23391;46090677;6906,37;123799;1970,44;0,295257578;5,292591168
;Smallingerland;55939;114114420;17250,76;289701;2039,98;0,308385205;5,178873416
;Soest;46194;53784985,2;8635,71;136823;1164,33;0,186944408;2,961921462
;Someren;19321;60438177,89;8870,49;177056;3128,11;0,45911133;9,163914911
;Son en Breugel;16911;48157961,44;7294,12;124207;2847,73;0,43132399;7,344746023
;Stadskanaal;31801;34073985,8;5567,52;85719,1;1071,48;0,17507374;2,695484419
;Staphorst;17005;95791098,01;13619,46;253798;5633,11;0,800909144;14,92490444
;Stede Broec;21702;14735109;2439,072;37655,4;678,97;0,112389273;1,735111971
;Steenbergen;25053;60485525,2;8838,81;164304;2414,30;0,352804455;6,558256496
;Steenwijkerland;43931;81599023,9;12307,64;216989;1857,44;0,28015843;4,939313924
;Stein;24956;23416235,6;3626,11;60942;938,30;0,145300128;2,441977881
;Stichtse Vecht;64372;245570365,3;35289,6;609078;3814,86;0,548213509;9,461846766
;Súdwest-Fryslân;89705;185090610,2;27315,7;481707;2063,33;0,30450588;5,369901343
;Terneuzen;54579;92363117,5;14046,15;257991;1692,28;0,257354477;4,726927939
;Terschelling;4889;2329712,25;391,538;5745,52;476,52;0,080085498;1,175193291
;Texel;13551;14703349,35;2306,781;44130;1085,04;0,170229577;3,25658623
;Teylingen;37061;50971427,6;7567,71;129289;1375,34;0,204196055;3,488545911
;Tholen;25794;24705981;3755,95;62425,6;957,82;0,145613321;2,420159727
;Tiel;41995;90783550,3;13442,84;235447;2161,77;0,320105727;5,606548399
;Tilburg;217342;327285340;51125,5;885207;1505,85;0,23523065;4,072875928
;Tubbergen;21275;31621339,9;4840,52;85378,3;1486,31;0,227521504;4,013081081
;Twenterand;33785;34914386,1;5547,11;90403,2;1033,43;0,164188545;2,67583839
;Tynaarlo;33695;65672566,9;9706,37;162895;1949,03;0,288065588;4,834396795
;Tytsjerksteradiel;31764;43562275,7;6659,13;114821;1371,44;0,209643937;3,614815514
;Uden;41770;71284512,4;10888,48;196882;1706,60;0,260677041;4,713478573
;Uitgeest;13536;44874811,63;6449,1;106674;3315,22;0,476440603;7,880762411
;Uithoorn;29450;16183443,8;2826,36;42685,1;549,52;0,095971477;1,449409168
;Urk;20768;10707762,09;1843,107;26798,4;515,59;0,088747448;1,2903698
;Utrecht;352795;568898694;86468,6;1399800;1612,55;0,245095877;3,967743307
;Utrechtse Heuvelrug;49526;170481880,2;24453,3;406822;3442,27;0,493746719;8,214311675
;Vaals;10094;8142483,49;1313,578;20229,4;806,67;0,130134535;2,004101446
;Valkenburg aan de Geul;16475;31272491,56;4754,46;76307,9;1898,18;0,288586343;4,631738998
;Valkenswaard;30892;42338957,5;6873,22;115586;1370,55;0,222491907;3,741615952
;Veendam;27474;37791351,8;5985,9;100240;1375,53;0,217875082;3,648540438
;Veenendaal;65599;58619226,4;9504,7;160217;893,60;0,144890928;2,442369548
;Veere;21839;28707312,6;4382,29;70120,9;1314,50;0,200663492;3,210810935
;Veldhoven;45358;55911038,5;8801,77;150371;1232,66;0,194051105;3,315203492
;Velsen;68356;98310995,8;15167,13;243560;1438,22;0,221884399;3,563110773
;Venlo;101578;219743742,6;33187,3;618943;2163,30;0,326717399;6,093278072
;Venray;43312;101880515,8;15442,32;287631;2352,25;0,356536757;6,640907832
;Vijfheerenlanden;47007;265380604,1;37565,2;690047;5645,56;0,799140554;14,67966473
;Vlaardingen;72455;53692022,8;8709,95;142216;741,04;0,120211856;1,962818301
;Vlieland;1139;32092,193;4,47716;101,485;28,18;0,003930781;0,089100088
;Vlissingen;44372;44476925,1;7104,4;113470;1002,36;0,160109979;2,557243307
;Voerendaal;12452;25914987,09;3782,9;61784,9;2081,19;0,303798587;4,961845487
;Voorschoten;25476;11790343,2;2138,252;28719,9;462,80;0,083932014;1,127331606
;Voorst;24401;87755355,8;12732;224288;3596,38;0,521781894;9,191754436
;Vught;26400;65016305,4;9576,96;166360;2462,74;0,362763636;6,301515152
;Waadhoeke;54908;76904876,9;11360,36;199791;1400,61;0,206898084;3,638650106
;Waalre;17253;39376913,12;6089,39;101383;2282,32;0,352946734;5,876253405
;Waalwijk;48256;97099183,1;14488,61;255397;2012,17;0,300244736;5,292543932
;Waddinxveen;28311;90715484;13010,53;230996;3204,25;0,459557416;8,159231394
;Wageningen;38781;25174543,8;4395,27;61559;649,15;0,113335654;1,587349475
;Wassenaar;26189;56942619,1;9070,07;144566;2174,30;0,346331284;5,52010386
;Waterland;17306;36132440,87;5515,24;98316,7;2087,86;0,318689472;5,681075927
;Weert;49841;125566228,3;18530,44;330080;2519,34;0,371791096;6,622660059
;Weesp;19331;16782823,94;2711,68;43575,1;868,18;0,14027624;2,254156536
;West Betuwe;50089;311107478,1;43810,9;811693;6211,09;0,874661103;16,20501507
;West Maas en Waal;19073;28253918,53;4295,71;78934,5;1481,36;0,225224663;4,138546637
;Westerkwartier;61056;164792568,4;23994,26;407275;2699,04;0,392987749;6,670515592
;Westerveld;19345;48104863,09;7046,01;127487;2486,68;0,364229;6,590178341
;Westervoort;14937;7823119,41;1351,498;18357,8;523,74;0,090479882;1,229015197
;Westerwolde;24827;30988945,8;4873,31;76693,3;1248,20;0,196290732;3,089108632
;Westland;108576;133382531;20739,42;376641;1228,47;0,191012931;3,468915782
;Weststellingwerf;25837;59314121,3;8748,6;151294;2295,70;0,338607423;5,855710802
;Westvoorne;14628;15825787,74;2481,308;40585,2;1081,88;0,16962729;2,774487285
;Wierden;24345;73186037,3;10659,73;195953;3006,20;0,437861162;8,049003902
;Wijchen;40937;79128616;11852,34;204005;1932,94;0,289526345;4,98338911
;Wijdemeren;24018;26767905,8;4474,42;66310,1;1114,49;0,186294446;2,760850196
;Wijk bij Duurstede;23763;20694528,6;3299,03;51566;870,87;0,138830535;2,170012204
;Winterswijk;28907;30727960,6;4915,79;79206;1062,99;0,17005535;2,740028367
;Woensdrecht;21861;67801678,3;9765,74;181849;3101,49;0,446719729;8,318420932
;Woerden;52204;226579043,7;32323,6;574744;4340,26;0,619178607;11,00957781
;Wormerland;16332;52873774,62;7655,59;126643;3237,43;0,468747857;7,754286064
;Woudenberg;13165;40830729,83;6004,53;104710;3101,46;0,456097987;7,953665021
;Zaanstad;155799;139053905,4;22199,36;346525;892,52;0,142487179;2,224179873
;Zaltbommel;28441;86435291,8;12493,74;225518;3039,11;0,439286242;7,929327379
;Zandvoort;17004;7471686,7;1316,433;18312,6;439,41;0,077419019;1,076958363
;Zeewolde;22312;65726697;9742,85;185691;2945,80;0,436664127;8,322472212
;Zeist;63960;108972272,1;16446,83;280607;1703,76;0,257142433;4,387226391
;Zevenaar;43507;82960503,9;12356,1;215508;1906,83;0,284002574;4,953409796
;Zoetermeer;124947;143886897;22593,81;349429;1151,58;0,180827151;2,796617766
;Zoeterwoude;8451;18419053,18;2793,66;47485,3;2179,51;0,33057153;5,618897172
;Zuidplas;42767;136300361,3;19416,83;341768;3187,05;0,45401431;7,991395235
;Zundert;21624;20828844,9;3291,45;54544,8;963,23;0,152212819;2,522419534
;Zutphen;47605;45240647,7;7434,57;119789;950,33;0,156172041;2,516311312
;Zwartewaterland;22502;27568226,2;4389,42;76243,5;1225,15;0,195067994;3,388298818
;Zwijndrecht;44654;53556232,6;8321,11;138324;1199,36;0,186346352;3,097684418
;Zwolle;127492;231064819,1;35610,8;600615;1812,39;0,279317918;4,711001475